-0.11444,0.0052049,0.10004,0.044401,0.090087,-0.068022,-0.033249,-0.081797,-0.10226,0.010697,-0.01977,0.0013809,0.061307,0.013461,0.10863,0.066909,0.014094,0.11871,-0.0054369,-0.047944,0.027993,-0.045481,0.00024815,-0.010712,-0.090554,0.053828,-0.019321,-0.11677,0.090741,-0.049622,0.057108,-0.016919,0.075421,0.061491,0.01451,0.11311,0.039373,0.039197,0.05624,-0.027501,-0.078785,0.10455,0.031785,0.048055,0.0070987,0.071303,-0.090165,-0.10786,-0.0013275,-7.709e-05,0.046964,0.058728,0.032414,0.042405,0.016728,0.022525,-0.095211,-0.04289,0.10919,0.074466,0.079929,0.11028,-0.069971,0.08191,0.053334,0.041647,-0.088285,-0.046645,-0.09573,-0.017554,-0.033256,-0.093178,-0.049387,-0.013215,0.019939,0.060368,0.004695,0.035456,-0.10581,0.068113,0.082901,-0.11384,-0.025769,-0.043842,-0.024786,0.059296,0.091929,0.088376,0.062109,-0.032177,0.11756,0.055303,0.024738,-0.10341,0.096994,0.0087523,-0.017024,0.10337,0.051512,-0.058865,-0.050386,0.086456,-0.072528,-0.08851,0.11033,0.055087,-0.01978,-0.10895,-0.038745,-0.085127,0.076702,0.10891,-0.0073538,0.023581,0.018676,0.045257,0.024075,-0.11535,-0.034504,0.097805,0.069925,-0.030795,0.045399,-0.066256,0.0082494,0.017789,-0.036475,-0.024039,0.011999,0.10776,-0.029359,-0.00519,0.0795,-0.10238,0.099861,-0.042878,-0.10609,0.02499,-0.10351,0.030268,0.047383,-0.11453,-0.094707,-0.088844,-0.05087,0.033359,-0.081878,0.05227,-0.032511,0.027686,0.065524,-0.088032,0.0047895,-0.033176,-0.012854,-0.067671,-0.046611,-0.057074,0.11219,0.039566,0.048831,0.036451,0.11273,-0.027561,-0.08078,0.018264,-0.015695,-0.0464,-0.089376,0.065038,-0.086165,0.11433,0.015311,-0.045115,-0.080712,-0.10938,0.10316,0.11371,0.11297,0.043389,-0.070176,-0.061143,-0.080072,-0.06412,-0.057655,0.045209,0.097242,0.0021229,-0.041107,-0.06529,0.056912,0.088554,-0.052097,-0.11394,-0.10914,0.092703,-0.0053802,-0.0422,-0.021732,0.028958,-0.037406,0.062063,0.071909,0.074049,0.082007,0.081295,-0.081163,0.071742,0.057814,-0.020092,0.019187,0.031912,0.11204,-0.0015144,-0.11524,0.071976,0.076914,-0.029136,-0.047017,-0.10415,-0.027452,-0.085224,0.05303,0.040748,-0.030153,0.072147,0.009034,0.029214,-0.048511,0.039993,0.065329,0.015762,-0.11607,0.0033308,0.0035728,0.04361,0.075899,-0.037052,-0.02785,0.040391,0.019396,-0.096996,0.056733,-0.061074,0.054542,0.088334,0.10303,0.028458,0.0084819,0.010984,-0.009621,-0.10251,0.014852,-0.020204,-0.098172,0.017396,-0.090351,0.060303,0.045842,-0.086098,-0.056605,-0.099295,-0.053877,0.059216,-0.044096,0.0087354,-0.10117,0.073029,0.074883,-0.090566,0.052441,-0.095471,0.077194,0.019466,0.1119,0.026405,-0.046488,0.06298,0.019518,0.094657,-0.070464,0.029262,-0.065338,0.10103,0.080251,0.031273,0.088349,-0.061193,-0.060034,-0.0075278,0.045246,-0.063638,0.029092,-0.089646,0.098656,0.041151,-0.042156,-0.096217,-0.0045596,-0.11267,-0.010509,-0.001986,0.10634,0.079037,0.092402,0.0098297,-0.055885,0.056622,-0.057662,0.017982,-0.047939,0.078518,-0.10579,-0.04786,0.022526,-0.087736,-0.11829,-0.010983,-0.041748,-0.017549,-0.085707,-0.019337,-0.094171,0.091462,-0.048924,-0.054143,-0.056767,0.095641,0.10794,0.077741,0.027412,-0.010847,-0.063683,0.052077,0.079358,-0.010032,-0.10067,0.057727,-0.0021179,-0.033446,0.056724,0.040477,-0.1066,0.029264,0.089883,0.11316,0.07991,-0.11342,0.0043604,0.068082,-0.029105,0.027341,0.079925,0.013907,-0.055747,-0.021024,-0.054567,-0.050752,-0.079287,0.010082,0.036046,0.051815,0.047803,0.075882,0.096401,-0.040886,0.034673,-0.083888,-0.0085853,0.042568,0.11041,0.10907,-0.11662,-0.014585,-0.0057558,0.11209,-0.11083,-0.097984,0.10271,0.070705,-0.030489,0.11317,-0.077348,0.072661,-0.05207,-0.028244,0.093399,-0.020859,-0.09878,0.04668,-0.094267,-0.035954,-0.10721,-0.08152,0.029135,0.091987,-0.082883,-0.0434,-0.06784,-0.095855,-0.11937
-0.038194,0.054857,-0.026421,-0.10464,-0.071272,0.10427,-0.065077,-0.057735,-0.11377,0.10576,-0.072195,0.10414,0.089789,-0.08053,-0.089615,0.11849,-0.08262,0.1065,-0.10083,-0.00043975,0.10463,0.06163,-0.08459,-0.0019864,-0.029268,-0.018478,-0.039709,-0.10656,-0.1086,0.056849,0.029853,-0.03715,-0.10231,0.05161,-0.031158,0.082447,-0.11889,0.095309,-0.06321,-0.10018,-0.024254,0.053983,0.082511,0.10507,-0.093797,-0.011545,-0.013971,-0.0062647,-0.094712,-0.090175,-0.11529,-0.098085,-0.051723,0.10173,-0.11886,-0.087921,-0.029549,-0.091255,0.032564,0.11209,-0.0072327,0.010207,-0.021943,-0.0013913,-0.034736,-0.096145,0.060838,-0.031855,-0.044726,-0.04655,0.093157,0.027951,-0.083766,-0.012039,0.099369,-0.11978,0.056902,-0.053215,-0.033769,-0.066016,-0.11807,0.031885,-0.03789,0.0031231,-0.0072413,-0.067098,0.084667,-0.06979,-0.098049,0.059893,0.040756,-0.005591,0.015129,0.031177,0.04605,-0.10392,0.0015771,-0.068412,-0.034134,-0.019387,-0.077851,-0.057183,0.09379,0.070201,0.02421,0.095787,0.087986,-0.0030393,-0.039198,0.065529,-0.091241,-0.052396,-0.044838,-0.064997,0.01005,-0.038042,0.092018,-0.10041,-0.10449,-0.016907,0.11749,0.040771,0.045018,0.11026,-0.086356,0.019633,0.082297,0.090745,0.092917,0.10627,-0.010112,-0.080208,-0.0002218,-0.074535,-0.11222,-0.06438,0.079911,0.058648,0.073811,0.042966,0.075666,0.012247,0.036277,0.09432,0.10904,-0.11009,0.066257,0.046066,-0.062328,-0.016983,-0.045866,0.07493,-0.044511,-0.10688,-0.076454,-0.095519,0.075395,-0.030771,0.016495,0.10522,0.020082,-0.0065835,0.039578,-0.058165,0.060198,0.082423,-0.04784,-0.062095,-0.059892,-0.058468,0.11194,-0.025468,0.097114,0.0037415,-0.10197,0.070462,-0.054632,-0.065009,0.05467,0.0084356,-0.10582,0.041981,-0.092845,-0.0094823,-0.10542,-0.041874,0.069021,-0.046818,0.080912,-0.10208,-0.043774,-0.018745,0.063062,-0.073288,0.031226,-0.07357,-0.025094,-0.081626,-0.082763,-0.0026167,-0.066303,0.097274,-0.032831,0.072037,0.010399,-0.061739,0.055628,-0.038567,0.090304,0.056805,-0.070555,-0.016726,0.015963,0.0017427,-0.042363,-0.046711,0.095937,-0.091158,0.11586,-0.04796,0.049727,-0.10899,-0.030756,0.094767,-0.080991,0.032445,-0.10497,-0.060525,-0.088173,0.1039,-0.089503,-0.021342,-0.0014817,-0.08014,-0.068552,0.045259,0.10924,0.053923,0.0026089,0.090622,0.068596,0.079446,0.023757,0.036547,0.022002,-0.092633,0.019213,0.061544,-0.014716,-0.10528,0.047165,-0.028399,-0.0014338,0.079439,-0.077185,-0.071181,0.070647,-0.0043516,0.11448,-0.054354,0.077788,0.021143,0.034297,-0.0012918,-0.033015,-0.022102,-0.015398,-0.061595,-0.027597,0.0024571,0.050869,0.042227,-0.016111,-0.032748,0.018383,-0.089073,0.01471,0.035785,-0.034377,0.015554,-0.058968,0.029694,0.097294,-0.040186,-0.057987,0.0054865,-0.054113,0.016046,0.056298,0.024634,-0.07305,-0.119,0.032565,0.088043,0.11551,0.040463,0.076261,-0.096172,0.074433,0.030398,0.050211,-0.093995,0.089098,-0.017884,-0.10275,0.0089706,0.081283,-0.10858,-0.064286,8.6271e-06,-0.10521,-0.091968,0.098132,0.095772,0.066615,0.012735,0.069085,0.029821,-0.11162,-0.042321,-0.093643,-0.0030854,0.023591,-0.047099,0.045457,-0.063015,0.012795,0.067544,0.058463,0.055696,0.021453,0.047497,0.05865,-0.063942,-0.073944,0.001396,-0.0336,0.11351,-0.068959,0.052536,-0.086937,-0.056104,-0.034559,0.048014,-0.017622,0.015826,-0.027728,0.075979,0.10782,0.062355,0.033186,-0.0093692,-0.035453,0.091886,-0.017445,0.041916,-2.7814e-05,0.063747,-0.057952,-0.044735,0.083228,0.046319,0.043892,0.0072776,0.10304,-0.043626,-0.081094,0.014185,0.084974,0.02621,-0.073821,-0.097241,0.069465,0.040252,-0.092746,-0.058894,0.078526,-0.050771,-0.00056049,0.041692,-0.10322,-0.11995,0.090466,-0.10413,0.097256,-0.0040786,0.091237,0.030146,0.053633,0.092581,0.049161,0.031766,0.052763,0.094589,-0.033639,-0.060127,0.076457,-0.055597,0.11596,-0.086127,-0.10172
-0.0021772,0.10683,-0.10881,0.027213,0.11108,0.019466,0.061606,-0.092959,-0.0031998,0.082363,-0.11196,-0.070811,0.083492,-0.11077,-0.057132,0.016852,-0.049505,-0.026581,0.043332,-0.031696,0.033402,-0.094575,-0.027661,-0.013322,-0.0092984,0.11471,0.11214,0.074135,0.090439,0.06671,-0.030324,-0.046771,-0.02254,-0.0631,-0.037009,-0.044803,0.11664,0.028708,-0.0017036,0.097966,-0.072408,-0.080093,0.10585,0.11302,-0.090688,0.11545,-0.11445,0.053936,0.033798,0.017742,-0.11453,-0.0077476,-0.063034,-0.0025377,-0.075092,0.038059,-0.088934,-0.06025,0.017397,-0.031485,-0.093804,0.058517,0.049669,-0.09974,0.082228,-0.075784,0.057519,0.087283,-0.096104,0.090941,-0.10526,-0.030583,-0.063186,-0.025734,0.04238,0.033156,-0.10651,-0.086262,0.016282,0.11955,-0.034792,0.078881,-0.078923,-0.054214,0.051897,0.1073,0.089686,0.063721,-0.11551,-0.081457,-0.019466,0.025946,-0.099924,0.036717,0.026404,0.088358,-0.037075,0.067517,-0.055391,-0.11814,-0.019715,-0.093609,0.0067833,0.10554,0.014245,-0.081428,-0.095494,-0.10381,0.056765,-0.012782,0.064047,-0.092774,0.086271,0.043965,0.08644,0.088313,-0.045198,-0.11161,-0.056033,0.11652,-0.1017,-0.063676,-0.1167,-0.00027647,-0.012914,0.11869,-0.0059632,-0.050149,0.10381,0.06103,-0.024157,0.11851,0.054153,-0.082969,0.07682,-0.0866,-0.03366,0.089038,-0.071045,-0.066885,0.039673,0.079282,-0.0075502,0.019082,0.055047,-0.00012031,0.10139,0.088561,0.0095331,0.067298,0.026164,0.064362,-0.040937,-0.009028,-0.067936,0.091026,0.10015,0.014224,-0.038742,-0.026901,-0.077458,0.059468,-0.017305,-0.0081703,0.073389,-0.046708,-0.081826,-0.019769,0.06594,0.070677,-0.045814,0.074694,0.034984,-0.033634,0.065013,-0.096931,-0.0013941,-0.078813,-0.00029647,0.087929,-0.069666,0.031045,-0.073544,0.066926,0.029079,0.1113,0.078036,-0.064764,-0.0093638,0.097797,0.005256,-0.10685,-0.044832,0.10442,-0.067102,-0.040224,-0.020646,0.035252,-0.0074931,0.025196,-0.037833,-0.063872,-0.09299,0.099938,0.0076034,-0.01698,-0.055563,-0.013552,0.1145,-0.041833,0.059549,0.085482,-0.11088,-0.012047,0.0032792,-0.041007,0.012077,0.048014,0.11416,-0.051718,0.10754,-0.050572,0.0052352,0.03768,-0.025718,0.063727,0.011513,-0.0058006,-0.09478,-0.020819,0.018112,-0.087804,0.058582,-0.0034085,0.03961,-0.0066837,0.059233,0.026667,0.093851,-0.059419,-0.11731,0.07035,0.035373,0.028142,0.034829,0.014459,0.00030095,0.10949,-0.038816,0.011743,-0.11429,0.016754,0.016887,0.0252,-0.073918,0.061067,-0.0014461,0.0034448,0.0025644,0.038719,0.040561,-0.015481,0.091587,0.075432,0.010532,-0.081728,-0.025991,-0.078284,-0.10087,-0.043065,0.085558,-0.06781,0.07373,-0.089957,0.095619,0.01343,0.021503,-0.07865,-0.095594,0.028612,0.081777,-0.020448,0.089735,0.04667,-0.080768,0.015653,0.048481,0.053373,-0.011456,-0.094301,-0.0243,-0.092194,-0.018676,-0.10787,0.11996,-0.021531,-0.014382,-0.067337,0.096623,-0.0829,0.027104,0.082807,0.038234,-0.11581,0.082294,-0.053622,0.10642,-0.0064939,0.030465,0.040863,0.045344,0.068951,-0.0073459,0.058527,-0.036474,-0.099791,-0.012475,-0.06231,0.028717,0.030776,0.041072,0.0014577,-0.11501,0.0033852,0.10321,-0.015008,0.061185,0.031013,0.039269,-0.064699,0.02718,-0.10469,-0.0097168,-0.055787,-0.064068,-0.0059015,-0.07634,0.025184,0.080527,-0.068025,-0.087333,-0.11861,-0.089469,0.016567,-0.011518,0.028946,-0.012316,-0.034151,0.088039,-0.053611,0.031689,-0.018931,0.017662,0.097946,-0.025545,-0.059529,0.033477,0.095951,-0.053069,0.068622,-0.030139,-0.10037,-0.077789,-0.072966,-0.073951,0.071759,0.057793,-0.044618,-0.05521,0.02838,0.024428,0.094433,-0.09542,0.033664,0.047831,-0.020612,-0.012655,-0.094202,-0.059163,0.085779,-0.062125,-0.042647,-0.088908,0.094662,-0.013284,-0.018128,-0.020769,0.0042864,-0.083609,0.012485,0.018915,0.028327,-0.019648,-0.10397,0.018277,0.0093201,0.059691,0.084375,0.056492,0.0026257,-0.11509
-0.10429,0.068124,0.084774,0.10396,-0.10989,0.030788,0.0058834,0.081481,0.099931,0.059387,-0.0032442,0.094477,0.0096746,-0.060425,0.10303,0.11762,-0.083469,0.068537,0.021522,-0.037481,-0.018817,-0.043146,-0.09638,0.048774,-0.11544,0.082581,-0.097527,0.076319,0.020713,0.10215,-0.089513,-0.02391,-0.085115,0.024171,0.068556,0.024284,-0.072807,-0.05894,-0.015237,-0.057528,0.11494,0.040635,-0.099426,0.018438,-0.014347,0.03112,0.027496,-0.035556,0.055109,-0.11437,0.064266,0.088563,0.07634,0.048656,-0.021492,-0.016307,-0.066509,0.064453,0.036195,0.023192,-0.051096,-0.037059,-0.099075,0.11165,0.043765,-0.10284,0.0041618,-0.11917,-0.070662,0.015965,-0.046,-0.057465,0.044547,0.0099667,-0.092353,-0.10186,-0.037312,-0.034022,-0.048623,0.086032,0.029709,-0.058342,0.073243,0.091369,-0.11688,-0.029779,0.057038,0.042505,-0.10231,-0.10166,-0.0095356,-0.044102,-0.098708,0.0078578,-0.043151,-0.0040232,-0.008803,0.0042975,0.07608,-0.013522,-0.052401,-0.090358,0.01352,-0.0083166,-0.024835,-0.10373,0.055529,0.089204,0.097346,2.7819e-06,-0.11965,-0.058676,-0.11848,0.048828,0.037821,-0.085178,0.081162,-0.064991,0.02938,-0.0909,0.06335,0.084132,-0.017509,0.032945,-0.0053017,-0.11063,0.049912,0.11251,0.043116,0.075838,-0.040237,0.065047,0.11057,-0.086372,-0.08609,0.0037943,-0.025371,0.055486,-0.094961,0.11139,0.023231,-0.047206,-0.075939,0.068535,0.029982,-0.0027255,-0.03283,0.031299,-0.013465,0.10023,0.00093577,-0.075026,0.067766,0.026825,0.078818,-0.059865,-0.10739,0.114,-0.093579,0.00043592,-0.054579,0.063924,-0.013694,-0.044554,-0.013089,0.07741,-0.11141,0.06768,0.017249,-0.0043445,-0.11105,-0.077239,0.0781,0.039581,0.097444,-0.059182,-0.023832,0.084821,-0.039739,0.085373,-0.0082311,-0.078517,0.079436,0.078525,-0.10733,0.088938,-0.0098244,-0.010173,-0.047807,0.084023,0.082023,-0.018898,-0.021924,-0.044849,-0.091518,-0.086484,-0.076912,-0.081828,0.010278,0.11553,-0.063517,0.034304,-0.040496,0.092399,-0.023905,-0.040787,-0.041303,-0.0034153,0.07314,-0.026442,0.027854,-0.09936,-0.054164,0.1107,0.087782,-0.040236,0.069477,0.017271,0.090141,0.11871,0.067737,0.014671,-0.01427,-0.021021,-0.03224,-0.077117,-0.10425,-0.050189,0.052165,0.069905,0.11189,0.049348,0.0431,0.024449,0.067911,-0.1045,-0.012514,0.044351,0.059475,-0.10118,0.096656,-0.059051,-0.0005245,0.1121,0.066524,-0.018567,-0.10257,0.01922,0.101,-0.099722,0.062889,-0.095182,0.069447,-0.05163,-0.013342,-0.056322,-0.091106,0.046257,-0.089386,-0.067493,-0.048491,0.024646,0.075665,-0.066733,0.082962,0.026725,0.051015,0.1177,-0.040209,-0.079191,-0.063639,0.093452,0.053422,0.10653,-0.024157,-0.0526,-0.048008,0.026218,-0.066914,-0.087176,0.092639,0.023377,0.043512,0.0069966,0.095136,-0.080367,0.025386,0.065036,0.023945,0.021131,-0.11073,-0.034783,-0.069084,0.091089,-0.078171,0.048443,-0.062676,-0.0021709,-0.062357,0.032923,-0.034868,0.10948,-0.024827,-0.046099,0.1037,0.058689,0.0709,0.038825,0.088625,0.032544,0.024924,-0.093276,0.004023,-0.019159,-0.077263,-0.0031231,0.0058593,-0.11175,0.076741,0.11574,-0.09071,0.052164,-0.021634,0.0015164,-0.079696,-0.031355,0.045056,-0.067077,-0.041995,0.11567,0.0043892,-0.074435,-0.027018,0.10433,0.11723,0.062075,-0.068933,0.021313,-0.10039,-0.072936,0.075363,0.10324,0.037078,0.11478,0.083429,-0.033066,-0.04349,0.012913,0.099016,0.044426,0.089273,-0.097752,-0.1091,-0.030025,0.064887,0.078347,0.10687,-0.039229,-0.042629,0.009236,-0.035898,-0.039431,-0.034231,0.0075115,-0.032338,-0.013518,-0.018691,-0.0049092,0.038008,0.047659,0.10034,-0.081,-0.072038,-0.053166,-0.1012,-0.08238,0.0026281,0.092925,0.011137,-0.024534,-0.070634,-0.10606,0.096289,-0.11098,-0.064646,0.00791,-0.084307,0.11878,0.11754,0.077439,0.098675,-0.080252,-0.090514,0.055082,0.10208,0.10717,0.096462,0.11395,-0.049105,0.080092,-0.0714
-0.061577,0.058211,0.068349,-0.061361,0.089829,0.051735,0.016028,-0.099942,0.048814,0.0067598,0.0029268,-0.11374,-0.10696,-0.007291,0.1192,-0.1137,0.03015,-0.020737,-0.060784,0.06657,-0.00018119,0.040211,-0.0058504,-0.056577,-0.10685,0.08338,-0.062941,0.058594,0.08557,0.01268,0.075339,0.087006,0.016756,-0.00024538,-0.056856,0.05457,0.083331,0.059138,-0.096507,0.02848,0.10822,0.081616,-0.015295,0.044714,0.080696,0.073592,-0.091455,0.041753,0.052555,0.10498,-0.056639,-0.086972,-0.038109,-0.054944,-0.099603,0.044535,0.027384,-0.1041,-0.048766,-0.063486,0.10151,-0.10055,0.017776,-0.014038,0.10244,-0.012633,0.096259,0.10291,-0.032343,-0.070859,0.063576,0.037293,0.0042147,0.11886,0.082824,0.014929,-0.095676,0.088983,0.0075648,-0.096917,0.11027,0.072409,-0.085632,-0.058967,0.080432,-0.028204,-0.064272,-0.050398,-0.0068802,0.090632,0.11103,-0.055449,0.073264,0.01592,-0.033859,0.074195,0.094741,-0.018276,-0.031162,-0.023917,-0.0050074,-0.03533,-0.0086804,0.060552,-0.017132,-0.059838,0.096081,0.091746,-0.052733,-0.11527,0.024446,0.1022,0.047097,-0.11772,-0.064076,-0.032245,0.10503,0.10208,-0.037186,-0.097901,-0.1129,-0.092212,-0.065054,-0.0069377,-0.11496,-0.051513,0.066536,0.071691,0.095545,0.046981,0.013876,-0.04586,0.04479,0.098944,-0.11847,-0.11201,0.023084,-0.077988,-0.10475,-0.038384,-0.098477,-0.0029827,0.037539,-0.071365,0.069569,-0.067181,-0.0089941,0.0097041,0.014603,0.017914,-0.0013382,-0.11865,0.058518,0.080058,0.075877,-0.082869,0.089582,0.036911,0.041095,-0.08545,0.010449,-0.055157,0.066638,0.054411,-0.099491,0.0016569,-0.015655,0.024763,0.036796,0.068802,-0.10932,0.06116,0.052817,0.037355,-0.0089432,0.027534,-0.073082,0.027701,0.070989,-0.092625,-0.033843,-0.10899,0.073935,-0.034809,0.0053801,-0.10447,-0.061308,0.028159,-0.061257,0.085084,-0.082196,0.015513,0.067354,-0.064863,-0.077028,-0.083058,0.043384,-0.039821,-0.023475,-0.10114,-0.02754,-0.0106,-0.042481,0.051206,-0.034066,-0.043581,0.038699,0.014025,-0.11634,-0.0020916,0.047859,-0.11191,0.098523,-0.090516,-0.079793,-0.069854,0.06458,-0.088636,-0.025367,-0.0043485,-0.10381,-0.084783,-0.092844,0.1179,0.061546,0.082175,-0.10349,0.017392,-0.045893,0.019959,0.051771,-0.11999,0.11407,0.091397,0.029751,-0.083167,-0.043111,0.046816,-0.0065982,-0.031893,0.11289,0.05237,0.015803,-0.1107,0.078273,0.0081228,0.016333,-0.053662,-0.079156,0.096118,0.046548,0.11561,-0.005829,-0.055564,0.067226,-0.052298,-0.074061,0.073034,0.11993,0.035618,-0.031522,0.096736,0.012764,0.031657,-0.033781,-0.0072958,0.02083,-0.020019,-0.079132,0.11297,-0.065962,0.012677,0.10911,-0.11496,0.034212,-0.00056312,-0.0045001,-0.069568,-0.064347,-0.01227,-0.03055,0.012254,-0.024827,-0.048995,0.0023844,-0.11853,-0.082496,-0.087157,-0.0056774,0.024297,0.024807,-0.054864,-0.093075,-0.010031,-0.014545,-0.088431,-0.08286,-0.0035657,0.083132,-0.052768,0.10905,0.06166,-0.030803,-0.05404,-0.004126,0.0097237,-0.10149,0.060536,0.032528,0.027347,0.044557,-0.11442,0.017703,-0.1069,-0.0016386,0.098658,0.047545,-0.0061051,-0.10979,-0.017813,0.0022297,0.041392,-0.053274,0.11198,-0.030822,0.058513,-0.047748,0.11879,0.033801,-0.035361,-0.066594,0.031258,-0.017941,0.089004,0.11816,0.095341,-0.092908,-0.089274,0.089956,0.095632,0.097314,0.1173,-0.025584,0.088929,-0.11187,-0.0036897,0.062991,-0.017836,0.099922,-0.10488,-0.11373,-0.11779,0.0050461,0.04802,-0.10711,0.030538,0.094633,-0.0014047,0.058979,0.11206,-0.036058,0.033669,0.088895,-0.057116,-0.04827,-0.10953,-0.107,-0.10101,-0.065363,-0.11623,0.0085603,0.0095161,0.011403,-0.0074419,-0.11119,0.060177,-0.093207,0.059011,0.014161,-0.086653,-0.022691,-0.041357,-0.076927,0.0017444,-0.051202,0.033733,0.021109,-0.060119,-0.061943,0.077215,-0.078693,0.047713,-0.10453,-0.032301,-0.050167,0.014714,0.0058089,0.11129,0.012233,0.057139,0.0011804
0.092392,0.0899,0.10926,-0.11112,-0.11075,-0.068041,0.097678,-0.11555,-0.070798,-0.10689,-0.066696,0.10096,0.091735,0.041715,0.026818,-0.030656,-0.065953,-0.063905,0.10883,0.0039732,0.038418,0.025452,0.021313,-0.077505,0.07637,0.0086365,0.10738,-0.014097,-0.091805,-0.055163,-0.062206,-0.013409,0.091463,0.098049,-0.10419,0.065199,0.063885,-0.035703,-0.054534,-0.040088,0.032601,0.0084368,-0.0048812,-0.07376,0.057809,0.021292,-0.010116,0.073584,-0.010588,-0.039245,-0.071772,0.11543,-0.057756,0.097711,-0.10339,-0.11414,-0.11833,0.048067,-0.069837,-0.055026,0.1168,-0.087663,0.0064416,-0.014633,0.055879,-0.021243,0.0052663,-0.038967,0.083394,0.065617,0.059093,-0.069336,0.035708,-0.079925,0.10543,-0.084614,-0.10321,-0.088297,0.10048,-0.059624,-0.012515,0.07234,0.032521,0.11326,-0.094072,-0.00088684,-0.037235,0.010747,0.10069,-0.059779,0.0038924,-0.055158,5.8502e-05,0.06108,0.071602,-0.072113,0.085222,-0.012664,0.0098361,0.0076346,0.021037,-0.027648,-0.082134,0.066733,-0.047311,-0.028199,-0.043254,-0.11347,0.10644,0.035023,0.086088,-0.1018,-0.094944,-0.074814,0.09488,0.090107,-0.040581,-0.027564,-0.027446,-0.044696,0.054281,0.094097,-0.11237,-0.11849,0.072999,0.1086,-0.027109,0.078569,0.0089332,0.11418,-0.044811,-0.037519,0.033772,0.089378,0.055853,0.10613,-0.039867,-0.039359,0.094883,-0.10744,-0.081502,-0.035082,-0.088749,-0.012127,-0.1008,0.11533,-0.057646,0.03783,0.10248,0.058578,-0.020492,-0.041949,-0.0056726,0.11321,0.063456,0.0016642,0.055085,-0.056916,-0.06699,-0.045146,0.044286,0.05488,-0.091164,-0.074381,0.10775,-0.049111,-0.11054,-0.036304,0.11392,0.070649,0.064263,-0.023368,0.015046,-0.026206,0.021864,0.046578,0.11077,0.058749,-0.039037,0.023477,-0.11653,-0.035213,0.058354,0.11425,-0.069846,0.063561,-0.11165,-0.026275,-0.027781,0.01964,0.11148,-0.075397,0.045388,-0.037692,-0.083329,-0.094336,0.095693,0.042866,0.096315,-0.026996,-0.071028,0.10428,-0.094528,-0.033838,-0.092044,-0.020561,0.089313,0.04514,-0.049831,-0.067112,-0.095289,-0.097147,-0.057898,-0.040661,-0.018412,-0.014414,-0.062443,-0.013975,0.11499,-0.017806,-0.10121,-0.055604,0.0062473,-0.034731,-0.02171,-0.093683,-0.04328,-0.080572,-0.040943,-0.093598,-0.016238,-0.096034,0.030891,0.061934,-0.01304,0.080137,-0.027495,-0.046138,-0.081731,0.043771,-0.08259,0.022525,0.11736,-0.0093184,0.076593,0.088624,0.03159,-0.051749,-0.026553,0.013936,-0.11983,0.061103,0.045421,0.061239,0.076364,0.063757,-0.0024533,0.054679,-0.059555,-0.052051,-0.062017,0.00097401,0.10222,-0.10334,0.1119,-0.10387,-0.071781,0.07965,-0.094426,0.11142,-0.10799,0.07808,0.0001549,0.11232,0.011988,0.088704,0.05027,0.037392,0.073309,0.10112,0.11269,0.06694,0.020339,-0.0038645,0.11787,0.064058,0.011172,-0.00016758,-0.057928,-0.11235,0.0743,-0.045814,-0.10806,0.11353,0.094948,0.1093,0.10641,-0.014477,0.041888,0.024555,-0.024153,-0.0010074,0.075201,-0.091334,-0.024515,0.08784,-0.10835,-0.022943,-0.030476,0.087092,-0.099191,0.029644,-0.08302,0.096393,-0.015785,0.0097457,0.0044614,0.04012,0.11738,-0.022239,-0.019189,-0.066755,0.085286,-0.0041539,0.054478,0.019463,-0.034203,0.10146,-0.056275,0.045441,-0.070755,0.11937,0.061558,-0.054909,-0.038903,0.063011,-0.059185,-0.034753,0.0080935,0.10913,-0.0093,0.064443,-0.061271,0.1006,-0.041848,0.031927,-0.030069,-0.059482,0.10687,0.04468,-0.06757,-0.028486,0.0095989,-0.065038,-0.080123,-0.088713,-0.10051,-0.10302,0.02482,-0.06109,0.044393,-0.069193,0.10145,0.036958,-0.077363,0.053779,-0.098755,0.020069,0.066402,-0.041575,-0.050159,-0.049158,0.11331,-0.053286,0.031012,0.10581,0.035514,-0.093075,0.03651,0.064842,0.077149,0.11183,-0.019972,0.009281,-0.021427,0.045086,0.068046,-0.10675,0.019863,0.099249,0.017817,-0.040994,0.025814,0.027269,0.072868,-0.053784,-0.042376,-0.094035,0.048148,-0.086879,-0.0094009
0.025775,0.066633,0.076426,-0.061979,-0.08593,-0.020186,0.027183,0.034085,0.10937,-0.071594,-0.014309,-0.085526,-0.078057,0.1103,0.089519,0.062451,-0.076337,0.033478,-0.065017,0.015367,0.047432,0.065909,-0.11898,0.10838,0.025352,-0.061825,-0.071241,0.070751,0.094038,0.058172,0.10254,0.055609,0.054678,0.020606,-0.090818,-0.10357,0.027623,-0.09617,-0.077751,0.058324,0.028964,0.0014573,-0.0063267,0.0070887,0.029297,0.015518,-0.02349,0.018499,0.061811,0.096748,-0.0022265,0.07006,0.039772,-0.10196,0.004556,-0.093533,0.0054153,0.082943,0.050518,-0.067626,-0.0009883,0.037774,-0.0094014,-0.10658,0.056723,0.079358,0.055619,-0.06516,-0.11099,0.068118,-0.094098,0.10725,-0.063823,-0.00069031,0.098758,0.08832,-0.11504,0.058137,0.063676,0.018284,0.017081,0.027319,-0.01049,0.096775,-0.040276,0.046597,-0.10357,0.003284,0.014717,0.002684,0.10254,-0.11815,0.065167,-0.060284,-0.093248,0.028208,0.08587,-0.063444,0.087989,-0.036467,0.07967,-0.016457,-0.063337,-0.0066452,0.11144,-0.0087497,0.0789,0.10866,-0.033081,0.070087,-0.10562,0.046853,-0.046029,0.098534,-0.010501,0.068862,0.11648,-0.10631,-0.0074338,-0.052272,-0.11801,-0.030934,0.11855,0.10323,-0.085774,0.03856,0.035797,0.0077322,-0.096192,-0.11838,-0.11937,0.091467,0.0054136,0.0037525,-0.04847,0.11334,0.1098,-0.037844,-0.083871,0.053227,-0.10207,0.0839,0.11081,-0.063934,-0.039199,-0.09662,-0.096525,0.072981,-0.052372,-0.056821,0.0060268,-0.029067,0.0094546,0.11519,0.090003,-0.055771,-0.083967,-0.09756,-0.062466,0.0945,0.017602,0.091461,0.066469,0.069805,-0.10635,-0.064001,0.069687,0.11736,-0.08406,-0.0043575,-0.0032591,-0.090364,0.081564,-0.067971,-0.04603,-0.048591,0.097305,-0.086023,0.072448,-0.046653,0.012835,0.06583,-0.073005,0.092107,-0.065864,-0.052691,0.067624,0.012916,0.071434,-0.047625,-0.048392,-0.041002,0.080576,-0.073181,-0.067216,0.045208,-0.07698,-0.052029,0.088836,-0.091151,-0.075611,0.083472,0.037198,0.058613,0.059267,-0.048276,-0.0047668,0.033947,-0.1084,0.1119,-0.0042514,-0.036356,-0.072686,0.10908,-0.025121,-0.046858,-0.011213,-0.088649,0.024721,-0.06557,-0.10553,-0.11273,0.05647,-0.076663,-0.0022588,-0.085858,-0.082878,-0.05068,0.05498,-0.041683,0.11765,-0.052009,-0.093907,-0.048423,0.026259,0.081203,-0.045919,-0.017648,-0.094905,-0.1109,-0.10082,-0.0018898,0.079201,-0.0056948,-0.095797,0.054909,0.0024426,0.059505,0.04918,0.059372,-0.027247,-0.10632,0.077304,-0.071752,-0.020121,-0.0067057,-0.081652,-0.098442,-0.08687,-0.057695,-0.024859,-0.087339,-0.0042376,-0.070642,-0.058156,-0.10131,0.091827,-0.11877,-0.11422,-0.047727,0.034173,-0.097599,-0.053319,-0.10578,0.013732,0.088393,0.086088,-0.02588,-0.060945,0.1066,0.084243,0.028824,0.016168,0.026851,0.00036907,-0.029625,0.0070449,0.10913,0.063517,-0.064949,-0.09661,0.030425,-0.025447,0.047263,-0.084633,-0.029588,-0.059818,0.051931,0.040945,-0.10981,0.083223,-0.0087155,0.054306,-0.064254,0.0097496,0.066965,0.06359,0.049597,-0.11442,0.09959,0.09521,0.024888,0.056789,0.028898,0.021296,-0.084307,-0.1004,0.0066228,0.051555,-0.087443,-0.054445,-0.08079,-0.04333,0.053914,-0.013817,-0.050795,-0.11881,-0.054108,0.0087148,0.04228,0.013216,-0.0056815,-0.042295,0.077103,0.023,0.073914,-0.015312,-0.10868,0.040785,-0.023893,-0.098576,0.036962,0.083669,-0.0064141,0.022632,0.045483,-0.036438,0.09926,0.085686,-0.034549,-0.10784,0.079944,-0.0067112,-0.014573,0.078508,0.098639,-0.10651,0.086418,-0.061647,-0.052826,0.047653,-0.068688,-0.11045,-0.012835,-0.014369,0.051474,0.016435,-0.0075105,-0.11025,0.11553,0.021661,0.061414,0.062591,-0.01739,0.074798,-0.097876,0.064669,-0.086089,0.09346,-0.085483,0.060644,-0.092821,-0.093331,-0.0074015,0.095729,0.099043,-0.089369,0.016646,0.096988,-0.028001,0.09491,0.10958,-2.4544e-06,0.066981,-0.099109,0.047176,-0.012062,-0.044677,0.04796,0.068069,0.0020665
0.051622,0.072332,0.084128,0.099319,0.11705,0.025951,-0.022006,0.027871,-0.065412,0.044155,-0.078517,-0.0321,-0.093037,0.056597,-0.0655,-0.076249,0.047152,0.072875,0.061044,-0.036558,0.066978,0.043282,-0.098415,-0.027749,-0.10485,0.036939,-0.014353,-0.034114,-0.016625,-0.032067,-0.055688,-0.031817,-0.011975,0.0039135,0.069835,0.073485,-0.013978,0.10087,0.087758,0.0014092,-0.015941,-0.05403,0.10603,-0.10615,-0.087432,-0.0096626,0.048437,-0.039636,0.097189,-0.067991,0.083961,-0.095707,0.10669,-0.0021974,-0.020915,0.099127,0.087137,-0.10845,0.025531,0.060798,0.10789,-0.01002,-0.0085159,-0.042638,-0.0027411,-0.095469,0.092529,-0.067687,-0.016436,0.046397,0.034759,-0.079822,-0.1136,0.081418,0.005458,-0.10097,0.035377,0.018759,0.11186,0.10207,-0.084463,-0.050591,0.11594,0.040307,-0.089767,-0.092219,0.035228,-0.055766,-0.015354,-0.11752,-0.024698,0.065925,0.0044366,-0.083984,-0.091561,0.11219,0.026599,-0.10708,0.11349,-0.11796,0.020597,-0.057205,-0.037609,0.088995,-0.11993,-0.025079,0.095044,-0.041121,0.019623,-0.11059,0.078149,0.0094462,-0.10859,0.038229,-0.095484,-0.09504,0.10408,0.0031936,-0.015403,0.096267,0.10279,-0.087645,-0.042156,-0.091481,0.059991,0.010923,-0.097345,0.011391,0.092448,0.069517,0.017361,0.096419,0.072359,0.021218,0.11657,-0.10725,0.019584,-0.011525,0.096314,0.017495,-0.057675,0.021828,0.064734,-0.092547,-0.04579,0.0037624,0.09399,0.056228,0.065397,0.066973,-0.066277,0.084285,-0.024343,0.055215,0.023448,-0.084339,0.068405,-0.05261,-0.060473,0.073589,-0.010152,-0.0018136,0.068863,0.097863,0.019663,0.010433,-0.084786,-0.035619,-0.088244,0.042047,-0.086132,0.059903,0.031524,-0.021574,-0.10001,0.11135,-0.10463,-0.011197,0.0082679,-0.053,-0.032233,0.11644,0.0034478,0.021578,0.098988,-0.0064568,-0.067813,0.030674,-0.046227,0.11517,-0.069358,-0.071017,-0.035164,0.11097,-0.063301,0.025013,-0.033977,-0.079798,0.0948,0.11718,-0.040397,0.11921,0.11222,0.10439,0.072508,-0.11892,-0.052806,0.11395,-0.085561,-0.0061595,0.11529,-0.03849,0.048726,-0.046828,-0.017857,0.02641,0.030045,0.095759,0.067464,0.098311,0.05883,-0.11315,0.10117,-0.016416,-0.025504,-0.11111,-0.094134,0.011766,0.061185,-0.077831,-0.0085075,-0.083687,-0.10491,0.039052,-0.002671,-0.052974,-0.034352,-0.10579,0.0093134,-0.027918,-0.0058519,-0.084738,-0.023465,0.014952,-0.058209,0.026151,-0.014229,-0.054981,-0.06638,-0.10263,0.068864,-0.05431,0.096146,-0.079893,-0.097498,-0.10083,0.082258,0.092992,-0.11706,0.010644,0.025134,0.047177,-0.023987,-0.0096033,0.075119,-0.054617,0.074879,-0.011943,-0.062215,-0.087107,-0.022119,0.013951,0.090389,0.047655,-0.019831,-0.096542,0.10697,-0.072554,-0.053665,-0.071147,-0.027978,0.08659,-0.10015,-0.068939,0.0001853,-0.029363,-0.092257,-0.016463,-0.087449,0.054849,-0.058903,-0.012786,-0.046807,-0.0095193,-0.018263,0.064328,0.049422,-0.11474,-0.046561,-0.0091603,0.055078,0.065464,-0.010055,0.099573,-0.063191,-0.058588,0.039441,0.05098,0.00378,0.030854,0.10764,0.099338,0.010834,-0.055884,-0.1195,0.064311,0.044626,0.060134,-0.042442,0.087642,-0.074853,0.028666,-0.043468,0.073755,0.057375,-0.061222,0.039957,-0.060178,-0.070789,0.041029,0.080803,0.045383,-0.010329,-0.015309,-0.0407,0.042279,0.047453,0.061402,0.11982,0.058435,0.055035,-0.10032,-0.11366,0.11585,-0.097448,0.03335,-0.11743,-0.002174,-0.071882,-0.056701,0.0062298,0.053487,0.10569,-0.11893,0.098091,0.013302,-0.11348,-0.034792,0.052563,-0.04462,-0.079524,0.11088,0.064742,0.091194,-0.11949,-0.10411,-0.07455,0.10962,0.057125,0.045893,-0.0088055,0.088744,0.11566,-0.10078,0.063579,-0.10615,-0.01009,0.099968,0.10868,0.099337,-0.082198,-0.103,0.070087,0.075788,0.070017,-0.056102,0.097076,-0.0017583,0.004545,-0.0050099,0.070292,-0.075847,0.099011,-0.078858,0.067785,0.031799,0.058208,-0.079556,0.030685,0.031304,-0.047284
-0.01489,-0.028452,0.051812,-0.11227,0.017322,0.0023326,0.092323,0.010723,0.075384,0.033332,0.0021606,0.060673,0.027986,0.11577,0.092988,-0.10826,0.10041,0.041763,0.099358,-0.0051106,-0.016621,0.11622,-0.058046,-0.075857,0.092758,0.11821,0.052663,-0.083706,0.014711,0.11444,0.021592,0.10035,-0.086044,-0.09703,-0.034374,-0.0016504,0.062293,0.10538,0.025923,0.061633,0.01465,0.032638,-0.11772,0.04151,0.014998,0.0097247,0.10115,-0.02331,0.082541,0.078656,-0.032849,0.031266,-0.044782,-0.090479,0.1043,0.0503,-0.043194,0.099391,-0.077302,0.057813,-0.028792,-0.029353,0.013639,-0.03553,-0.10084,0.0015929,-0.0079603,0.044383,-0.099722,0.057938,0.086917,-0.055738,0.097681,-0.053157,0.086637,-0.050632,-0.083431,0.051597,-0.10877,-0.041374,0.0075472,-0.016861,-0.089735,-0.0067619,-0.047525,0.074024,0.06746,0.084961,-0.036876,-0.091356,-0.089344,0.048843,-0.11508,0.089983,0.012513,0.087992,-0.096708,-0.031785,0.054494,-0.11496,-0.0058961,0.10345,0.01614,0.088765,0.08026,0.055132,-0.076845,-0.053782,-0.097451,-0.096805,-0.091083,0.096776,-0.040256,-0.063212,-0.10347,0.090441,-0.015969,0.063982,-0.066989,0.035338,0.020307,0.093441,-0.053076,-0.011321,-0.015974,-0.1096,-0.057479,-0.059667,0.08826,-0.093378,0.067767,0.0041814,0.079427,0.035643,0.010916,-0.033353,0.11692,-0.093262,0.080627,-0.090521,-0.023176,-0.067898,0.10548,-0.10056,0.054616,0.051161,0.059103,-0.0165,-0.079243,-0.0069317,0.062078,-0.0070406,0.026162,-0.047912,0.10064,0.11234,0.053591,0.098049,-0.039321,-0.050592,0.014997,-0.047635,0.098851,-0.031966,0.11083,0.11624,0.089097,-0.082616,-0.090441,-0.11063,0.043157,0.062696,0.024658,-0.11958,0.03327,-0.11786,-0.096938,0.08957,0.042705,0.019943,0.066189,-0.00058588,0.081786,0.10115,-0.11777,0.099726,0.0013691,-0.090266,0.022187,-0.0074284,-0.11802,-0.050676,-0.075134,-0.010712,-0.023875,0.075074,-0.10405,0.077997,0.096633,-0.089192,0.015278,0.010906,-0.017388,0.031384,0.027475,-0.024246,0.040223,0.031071,-0.096384,-0.087433,0.073245,-0.070963,0.063504,-0.015912,0.044239,-0.01416,0.10996,-0.042232,-0.089218,0.066894,-0.11729,0.035478,0.013334,0.11284,0.030104,0.051448,0.058868,0.078232,0.081889,0.078364,-0.090848,0.092542,-0.075193,0.046504,-0.077462,0.050234,0.0087962,0.031074,-0.08493,0.038185,0.025059,0.01077,0.014654,0.039129,-0.00068586,-0.077295,0.0056921,0.072809,-0.029702,-0.081345,-0.054488,0.052274,0.019569,-0.021111,0.0011669,-0.072779,0.078974,0.015989,-0.093581,-0.08474,0.016023,0.011968,0.065189,0.018723,-0.0020841,0.0090614,0.11521,0.044322,-0.10718,-0.044014,-0.10574,0.11175,-0.099153,-0.03442,-0.11158,0.022991,0.11157,0.032648,0.091692,-0.02776,0.10286,-0.078435,0.041689,0.088789,0.033245,-0.10943,0.078936,-0.084676,0.025612,-0.08843,-0.11012,0.054387,-0.035322,-0.043948,0.021579,0.036878,0.00037048,-0.10938,0.069425,0.07347,-0.081229,-0.059071,-0.064175,-0.01805,-0.10422,0.056413,0.076137,0.099774,0.10566,-0.095037,0.076495,-0.011993,-0.031123,-0.044531,0.0077768,-0.11065,0.079213,-0.11208,0.00083514,0.083192,0.037293,-0.076109,-0.012597,0.043027,-0.025002,0.08365,-0.079536,0.071217,0.062719,0.10292,-0.014026,0.047824,0.093612,-0.091329,-0.0031025,-0.034593,0.036794,0.04562,-0.054263,-0.070788,-0.085773,0.045265,-0.10299,0.030858,0.034156,0.11205,-0.057372,-0.010453,0.058033,-0.11412,-0.024942,-0.061902,-0.07255,0.11657,-0.050183,0.11462,-0.0083855,-0.084648,-0.012264,0.0026206,0.10702,-0.031836,-0.054252,0.02083,0.083355,0.03387,0.013879,-0.013459,-0.055899,-0.060504,-0.07043,0.079314,0.017407,0.058447,0.11209,-0.084423,0.030696,0.092675,-0.040135,-0.024638,-0.097813,0.063877,-0.052915,-0.077102,-0.018051,-0.05168,0.0014353,-0.00028078,0.045445,0.017641,0.017792,0.097411,0.008646,0.097104,-0.015614,-0.0088298,0.11558,-0.019643,-0.041877,-0.050758,-0.0080171
0.11172,0.11175,0.040247,0.021308,-0.086736,-0.1176,-0.047174,0.096525,-0.016934,0.060645,-0.074758,0.00038732,0.016892,0.060495,-0.061076,0.044188,0.10524,0.041825,-0.10267,0.047597,-0.082341,0.093262,0.015672,0.1161,-0.069286,-0.076479,0.060283,-0.073257,0.085579,0.058933,-0.021501,0.086867,-0.065297,0.076901,-0.046947,-0.088575,-0.11842,0.021628,0.10077,0.0061694,-0.013783,0.092778,-0.055095,0.075741,0.057743,-0.03459,0.11033,0.033156,-0.076746,0.094907,0.11119,0.049619,-0.11769,-0.053928,-0.0032247,0.08382,0.0006938,0.036424,0.039893,-0.1021,-0.013297,0.019579,-0.0015644,-0.11223,-0.055124,0.092462,0.017339,0.047227,0.041444,0.04173,-0.062104,-0.11848,0.023312,0.082863,-0.09238,-0.028424,0.041732,0.083123,0.043408,0.065185,-0.10823,-0.078671,0.081709,0.046717,0.0091566,0.054441,-0.012712,-0.023455,0.067274,-0.062114,0.05993,-0.030029,0.081584,-0.071657,0.087927,-0.0097773,-0.11275,0.054016,0.029524,0.10533,-0.050453,0.022421,-0.043863,0.08669,-0.10424,0.11371,-0.031747,-0.031592,0.0031599,0.11243,-0.015552,0.01958,0.06587,0.013686,0.098574,0.0066637,0.028798,-0.096023,-0.0098745,0.0015323,0.10305,0.060746,-0.080809,0.11479,0.08133,-0.0058317,0.077035,0.033278,-0.10732,-0.058197,-0.090229,0.0042529,0.0064323,-0.054089,-0.082398,0.022515,0.013436,-0.074773,0.09143,0.094108,-0.035787,0.072255,0.018884,-0.025184,0.028188,-0.079197,-0.096559,0.061598,-0.099279,0.03107,0.023494,-0.065123,0.10583,0.073597,-0.005342,-0.064646,-0.096111,-0.1005,-0.082257,-0.11446,0.084325,0.033617,-0.041994,-0.079119,-0.087005,-0.11396,-0.075828,-0.10026,-0.051904,-0.099134,-0.046543,0.025449,0.081733,-0.059661,0.0020247,-0.050225,-0.013869,-0.064428,0.099742,0.040492,0.11447,-0.1027,0.063075,-0.10354,0.027479,0.0024865,-0.10989,0.013568,0.10269,-0.11212,-0.059822,0.060608,-0.11957,0.089902,0.028251,0.015327,-0.018453,-0.069809,-0.092473,0.07673,0.055928,-0.018443,0.0063617,0.056746,0.075852,-0.075166,0.035007,0.096146,0.04942,-0.00063458,-0.11167,0.10633,0.072657,-0.10464,-0.10901,-0.020454,0.065252,-0.054488,0.10688,0.054674,0.032211,-0.034681,0.11761,0.016832,-0.1125,0.10708,-0.048398,0.014775,0.062704,-0.04908,-0.042831,0.084139,0.058561,-0.051347,0.061804,0.05733,-0.050975,-0.014267,0.099505,0.0041639,-0.093689,-0.11008,-0.088195,0.11733,0.10383,-0.0093596,0.063449,0.022203,-0.094762,-0.023923,-0.017839,-0.099072,-0.056235,0.050754,0.068421,-0.036026,0.07859,-0.085251,-0.10106,-0.072486,0.03083,0.080075,-0.11338,-0.013469,-0.075208,-0.040468,-0.056623,-0.014234,0.10422,0.012515,-0.051203,0.10936,0.060632,-0.068742,-0.10478,-0.072116,0.05938,-0.098141,0.026644,-0.089115,-0.072698,-0.11298,-0.069795,-0.11345,-0.0011174,0.015838,-0.0055781,0.11565,0.099288,-0.10836,0.0021649,-0.047088,0.010884,-0.098433,0.057232,0.014697,-0.014156,-0.0068658,-0.094648,-0.085962,-0.050547,-0.071509,0.093618,-0.058226,-0.05374,0.078447,0.065834,0.11074,0.042719,-0.060687,0.10804,-0.010776,-0.11423,-0.043743,0.068376,0.062152,0.090253,-0.035177,-0.059558,-0.037497,0.021329,-0.038721,0.020232,0.052288,0.090229,0.035447,-0.052357,0.080015,0.034032,0.10531,-0.028805,0.10759,0.006522,-0.0074173,-0.04492,-0.1113,0.076457,-0.026761,0.030262,-0.0068111,-0.061436,-0.11686,0.027703,-0.089494,-0.069341,0.012448,0.038849,0.11309,-0.10289,0.10531,-0.012468,0.053054,-0.054557,-0.047554,0.029582,-0.098804,0.0036055,-0.074774,-0.050229,-0.093178,-0.10828,-0.054682,-0.0043886,0.10632,-0.017167,0.080327,0.07001,0.099552,-0.097772,-0.11179,-0.11531,-0.064018,0.094412,0.095505,-0.094666,0.084573,-0.047261,0.044443,0.10234,0.10838,0.047707,-0.04719,0.062315,-0.059307,-0.018973,0.040186,0.088132,0.091766,0.068451,0.033926,-0.050655,0.096019,0.11967,0.042173,0.06915,0.092577,0.049132,-0.081857,-0.045422,-0.053774,0.10807
0.025862,-0.10528,0.069185,0.083715,-0.083874,-0.031344,0.085394,0.066131,0.075253,0.031991,-0.10255,-0.0076113,-0.055395,-0.050731,0.028951,0.118,0.11524,-0.075117,0.01838,0.07153,-0.04292,-0.058863,-0.10737,0.10642,-0.026504,0.016591,-0.095868,-0.028702,0.094866,0.11452,-0.013787,-0.067074,-0.07991,0.011447,-0.10926,0.064431,0.016347,0.0048584,-0.061173,-0.091947,-0.01728,0.070409,0.012166,0.11817,0.099314,-0.079047,0.056303,-0.1081,-0.069765,-0.020637,0.0073233,0.0050825,-0.10443,0.1154,-0.046992,0.11846,0.079121,-0.072783,-0.012727,-0.016137,-0.034979,0.081951,-0.071217,-0.08322,0.081726,0.029511,0.091734,-0.0069172,0.068111,0.035254,-0.049896,0.023516,-0.048108,-0.047575,0.032215,0.043137,-0.11175,-0.070102,0.083941,-0.086539,0.048618,-0.010436,0.020387,-0.060556,-0.0078764,0.066868,-0.020002,-0.076853,-0.061294,0.0104,-0.022716,0.086027,0.03386,0.00067154,-0.063191,0.045352,0.035679,-0.10406,0.072288,-0.093076,0.018614,-0.086407,0.032368,0.091274,0.08543,-0.096249,0.054351,-0.026269,0.027296,0.079324,0.049515,-0.11396,0.077443,-0.0040995,0.088546,0.10968,0.053459,-0.10441,0.082852,-0.098854,0.060302,0.044979,-0.063908,-0.01815,-0.072878,0.058828,0.04705,-0.057724,-0.078819,0.003531,0.014779,0.096354,-0.0046333,0.083062,0.10017,0.09667,-0.058257,0.077118,0.11038,0.058911,-0.050981,-0.0076254,0.025828,-0.0055446,0.018929,0.093351,0.023442,0.10858,-0.044596,0.11179,-0.098734,-0.0079292,0.0018462,-0.023532,0.041575,0.11733,0.056991,-0.11213,-0.092603,0.11497,0.066656,-0.036687,-0.082738,0.023027,-0.095727,0.017122,-0.030152,0.040996,0.047377,0.066189,-0.11304,-0.029886,-0.009285,0.050713,-0.048928,0.025835,-0.1106,0.11045,0.018668,0.012142,-0.026517,-0.097063,-0.029424,-0.077107,-0.0051993,-0.1073,0.0036664,0.0050659,-0.062004,-0.06803,-0.063785,0.035196,-0.086776,-0.11946,-0.017424,-0.032329,-0.093697,-0.080403,-0.013085,0.013552,0.017553,0.060649,0.11307,-0.11812,-0.057722,0.08515,-0.085916,0.10915,0.1005,0.012039,0.0039953,0.11716,0.09009,0.016972,0.023338,0.10041,-0.09698,0.038653,0.10013,0.028961,-0.10044,0.079608,0.075524,0.049257,-0.013245,0.020945,-0.067,0.075841,-0.11663,-0.08213,-0.10749,-0.021492,-0.029709,-0.086431,-0.071946,-0.0024339,-0.10368,0.053484,0.022176,0.11342,-0.099353,-0.031282,0.073657,0.0053256,-0.029604,-0.078021,-0.025142,0.095668,-0.045998,-0.096462,0.0052479,-0.072531,-0.063671,0.010572,0.057949,0.0097584,-0.10619,0.099259,0.039418,-0.045896,0.11779,0.031864,-0.032324,0.093731,-0.11679,0.093631,0.085202,-0.0069759,-0.06431,0.0045267,0.099263,0.027537,-0.050193,-0.0016323,0.079615,0.035574,0.011379,0.093476,0.037916,0.067693,-0.031342,-0.0088183,-0.11217,-0.020326,-0.059408,-0.10017,0.06944,-0.023637,-0.086275,-0.0071121,-0.026271,0.096336,-0.029782,0.069336,0.068101,0.05631,-0.09296,-0.087467,0.015023,0.080577,0.0049838,0.028335,0.095033,0.11727,-0.0068475,0.078047,0.021869,-0.093431,0.0204,-0.11774,-0.11908,-0.019408,0.053587,0.033353,0.11451,-0.032087,0.0048802,-0.016016,0.09774,0.029636,0.045819,-0.11304,-0.054673,-0.083234,-0.084601,-0.09841,0.01435,-0.10715,0.11331,0.0068905,0.013105,-0.015389,0.063309,0.0408,0.028409,0.067362,-0.026436,0.095633,-0.097892,0.050896,0.11719,-0.092414,0.020787,0.054059,0.039999,-0.052622,-0.068532,-0.060878,-0.10337,0.014387,-0.077428,0.077244,0.075272,-0.076256,-0.03912,0.083814,-0.048991,-0.10465,0.088634,0.039436,-0.010339,0.020332,-0.075706,-0.043325,-0.062361,-0.01782,-0.10866,0.065781,-0.042272,0.046615,0.0304,0.10359,0.076802,-0.028039,-0.073781,0.0578,0.027056,-0.026612,-0.016634,0.076061,0.039182,0.071767,0.042027,-0.11191,-0.0219,-0.017828,-0.081251,-0.10186,-0.055712,-0.00022866,-0.1142,0.11198,-0.068143,0.04238,0.023422,-0.10927,-0.063232,-0.10536,0.059256,0.026683,-0.033289
0.046299,0.080606,0.018627,0.08143,-0.022646,0.10316,0.058541,0.015045,0.025922,-0.00802,0.048819,-0.093946,-0.055769,0.11587,0.014137,-0.017892,1.8331e-05,0.035967,0.063267,0.051442,0.092929,-0.0939,0.094385,-0.064518,0.041593,-0.10727,-0.088855,-0.099922,0.067909,0.074049,0.10541,-0.043559,-0.074119,0.010874,-0.11761,0.078655,-0.11556,0.1137,-0.0020165,-0.089195,0.029339,-0.0063228,-0.048415,-0.061821,0.070743,-0.086815,-0.06287,-0.051078,0.048723,-0.0081743,-0.017773,-0.0057269,-0.016591,-0.10563,0.053567,-0.026194,-0.08597,0.093032,0.066948,-0.0057047,0.051125,0.055264,-0.037238,-0.030895,-0.044532,-0.031304,0.10639,-0.095976,0.080317,-0.10465,0.0070638,0.09223,0.084328,-0.037138,0.11031,-0.031065,-0.065801,0.11823,-0.055089,0.11311,0.037066,0.014016,-0.11446,-0.061389,0.053283,0.069669,-0.043972,0.11302,-0.079227,-0.032015,0.091094,-0.098865,0.061763,0.0039716,0.11264,-0.014588,-0.0094386,-0.030984,0.052408,0.072136,-0.09293,-0.10098,-0.064048,-0.02227,0.09447,0.032644,0.084193,0.060264,0.00097282,-0.014797,0.017719,0.046247,-0.10521,0.049122,0.0246,0.094679,0.1083,-0.054628,0.0055532,-0.10248,0.044281,-0.11154,0.068861,-0.0058201,0.11366,0.030222,-0.067676,0.036559,0.0072686,-0.063442,-0.00069799,0.012164,0.011578,0.032032,-0.089475,-0.060241,0.044959,-0.054511,-0.062937,0.11273,0.04604,0.088651,-0.10157,0.11645,0.017897,0.077807,0.10281,-0.020625,-0.048901,-0.022772,0.05988,0.063855,0.028942,-0.002841,-0.11592,0.035621,0.034429,-0.044782,-0.012202,-0.028774,-0.09175,0.09402,0.089065,-0.039058,-0.081519,0.049161,-0.033537,-0.070002,-0.014722,-0.001215,-0.0018787,-0.081974,0.00057499,-0.095904,0.053101,-0.04064,-0.10903,-0.060787,-0.076484,0.039641,0.11232,0.00063721,-0.067746,-0.0020358,-0.04271,-0.0348,0.095605,-0.062242,0.011466,0.078157,0.11216,0.018122,0.11888,0.10582,-0.091748,-0.031812,-0.092864,-0.01303,-0.088543,-0.046398,0.11219,0.11151,0.082314,0.024192,0.073234,-0.08574,-0.083702,0.082327,0.070121,0.074185,0.093484,-0.11469,-0.040666,0.11448,0.032264,-0.023711,-0.065263,0.11625,0.015441,-0.045585,-0.091728,-0.071747,-0.06211,-0.049836,-0.11455,-0.01549,-0.10431,-0.038739,-0.039934,-0.028153,-0.079523,0.075003,0.059543,-0.069398,0.0839,-0.019718,-0.090506,-0.063111,0.1112,0.07972,0.066177,-0.046421,0.051256,-0.020276,0.11752,0.018361,0.08341,0.0037863,-0.033011,-0.090141,0.044457,-0.11425,-0.10049,-0.11441,0.070018,-0.096304,-0.064257,-0.023216,0.057826,0.079227,-0.0066637,0.010704,-0.096222,0.063406,-0.02902,0.023063,0.044041,0.1014,0.055311,0.10028,-0.068864,-0.11073,-0.11661,-0.055271,-0.034264,0.10628,-0.028189,-0.035392,-0.070708,0.10232,-0.023798,0.0065142,0.070096,-0.063053,-0.071248,-0.052054,0.015336,-0.09576,0.096456,-0.0002115,0.060591,0.02329,-0.033523,-0.028321,-0.0381,0.013231,0.019686,-0.012439,0.074174,0.082198,-0.096869,-0.067597,0.00068626,0.072263,0.10728,-0.048871,-0.10623,0.070607,-0.11507,-0.088764,-0.069005,0.056521,-0.041766,-0.021783,-0.015888,0.076816,0.087232,-0.033595,0.053066,0.069258,-0.04539,-0.015024,0.013578,0.01986,0.11175,-0.10948,0.083625,0.085912,-0.11074,0.065601,0.088283,-0.1183,0.013846,0.050905,-0.033346,-0.069898,0.039185,-0.090958,0.054249,-0.11954,-0.077328,0.0029588,0.088995,0.033867,0.07177,0.010888,-0.11694,0.05568,0.036677,0.084493,0.03021,-0.040366,0.061776,0.08015,-0.09568,0.10832,-0.11644,0.035023,-0.035205,-0.058136,-0.018695,0.0034249,0.079803,0.041975,-0.10428,-0.038757,0.11841,0.02109,0.10259,-0.083115,-0.080498,-0.048515,-0.05775,0.067714,-0.10181,0.070711,-0.068583,0.017291,-0.048067,0.11924,0.077842,0.018059,-0.067188,-0.031991,0.025397,0.017766,-0.034757,-0.087199,-0.11329,-0.10147,-0.0093604,0.0073923,-0.0084256,0.088216,-0.030277,0.10497,-0.056138,-0.05986,-0.0094939,0.036851,0.059239
-0.088818,0.03651,0.0117,-0.11929,-0.099803,-0.090981,-0.086477,-0.080965,0.09732,0.022623,0.078885,-0.024652,-0.044748,0.063637,0.048153,-0.028668,-0.08068,0.049208,0.090472,-0.079672,0.071911,-0.074638,0.10191,0.074732,0.098108,-0.022921,-0.055612,-0.11535,-0.10003,0.023142,0.090163,-0.098263,-0.10227,0.069849,-0.086579,0.096662,-0.023946,-0.051697,0.021184,-0.11117,-0.10795,-0.034149,-0.07038,0.0023538,-0.071323,0.014298,-0.01123,0.050397,-0.073244,0.080617,0.10517,0.097809,0.034148,0.075243,0.058109,0.094124,-0.079007,0.11717,0.018356,-0.067822,0.1032,0.094112,-0.082827,-0.0044293,0.044742,-0.068402,0.099628,-0.059713,0.029429,-0.030014,-0.012061,-0.012917,0.093132,-0.076803,-0.0087786,-0.054457,-0.011934,-0.11774,-0.024228,0.042266,-0.043592,0.086435,0.084812,0.034347,-0.024007,0.059059,-0.04052,0.0044205,0.068928,-0.08108,0.076228,-0.076903,-0.077224,0.10637,0.081414,-0.044605,-0.10173,-0.11971,-0.013177,0.092418,0.081834,0.091033,-0.074859,-0.047484,0.0035142,0.10042,0.084337,-0.0011798,-0.11273,0.0088901,-0.050728,-0.035803,0.058549,0.020946,-0.06405,0.091941,0.022615,0.039076,0.050364,0.083401,0.03182,0.010166,0.054393,-0.031428,0.054156,-0.076222,0.073759,0.062827,0.036443,-0.013331,-0.032823,0.063473,0.1177,-0.11626,-0.098903,-0.06181,-0.017711,-0.038353,0.097545,-0.038265,0.10009,0.00073762,-0.093322,0.052243,0.11477,-0.098714,0.042068,-0.11716,0.0072158,0.033644,-0.1096,-0.014363,0.050008,-0.11075,-0.0016678,0.094945,-0.021136,0.076386,0.021555,0.063719,0.045259,-0.086872,0.11975,0.029916,0.032902,0.098219,-0.022185,-0.11864,0.11211,0.058037,-0.098108,0.11391,0.079415,-0.057932,-0.012232,0.095673,-0.0097691,-0.086134,0.0004537,-0.066462,-0.11832,0.016002,-0.011749,-0.06545,0.0012172,-0.06073,-0.11699,0.071576,-0.043281,-0.011699,-0.013814,0.049626,0.08384,-0.04706,0.0767,-0.069505,-0.0033665,0.033212,0.015278,0.111,0.10914,1.1808e-05,0.11489,-0.052114,0.1107,-0.080603,0.028157,0.060045,0.032312,0.085167,-0.096617,0.1197,0.020941,0.09685,0.076848,-0.07834,-0.042007,0.045641,-0.11609,0.11121,-0.052104,0.077982,-0.032746,0.10154,0.089679,0.038115,0.10049,0.062431,-0.032435,-0.037544,-0.048169,-0.080643,-0.1082,-0.060801,0.03304,-0.025047,-0.054125,-0.027478,0.023382,-0.067897,-0.099083,0.058684,-0.030954,-0.11513,0.027504,0.07615,0.029809,0.057429,-0.042764,0.10453,-0.038289,0.075434,0.025269,-0.033302,0.061759,-0.0034455,0.026728,-0.089965,-0.043409,-0.014896,0.021373,0.10878,0.075796,0.099343,0.11993,-0.079616,0.0077941,0.030436,-0.080254,-0.10304,0.059357,-0.10102,-0.0072169,-0.1178,-0.033637,0.080816,-0.051616,-0.037235,0.085985,-0.083767,-0.083712,0.099971,-0.010967,-0.11513,0.067969,0.076229,-0.11136,-0.007952,-0.037899,0.087186,-0.032221,-0.10837,-0.054248,-0.10801,-0.068352,0.010224,0.035166,-0.045151,0.088403,-0.095344,0.039938,-0.0054628,0.081491,0.028864,0.052683,-0.054733,-0.008908,-0.029426,0.072528,-0.0075532,-0.033626,0.009381,0.029156,-0.036244,0.087753,-0.087688,0.063376,0.064116,0.092398,0.095423,0.065233,0.068398,0.044267,-0.090554,0.0019493,-0.027216,0.08924,-0.055848,0.059805,-0.11842,0.094169,-0.0056585,0.0070715,-0.074429,-0.10564,0.050104,-0.059483,-0.11467,0.083399,-0.011183,-0.10321,-0.060855,0.072591,-0.11299,0.10071,-0.0098221,0.049444,0.11973,0.083174,0.022172,0.0085537,-0.092002,-0.097104,0.056769,0.10644,0.075886,0.01805,-0.055558,-0.06241,-0.097887,-0.02809,0.094714,-0.051713,-0.11806,-0.076614,0.11995,-0.021937,0.0027471,-0.11435,-0.050971,-0.11634,-0.00037948,-0.084925,-0.061652,-0.088709,0.012109,0.10141,-0.017871,-0.064297,0.044157,0.066401,0.10187,-0.067176,0.038452,0.022931,0.024616,0.054885,0.11045,0.0025741,-0.049198,0.068446,-0.053855,0.033643,0.035844,0.022796,-0.033845,0.096383,0.11238,0.11784,0.028168,-0.081067
-0.053047,-0.066326,0.094382,0.036794,-0.0008517,0.10232,0.11262,-0.023677,0.11067,-0.0062118,0.089257,0.084648,0.0050401,0.019984,-0.015872,-0.053186,-0.068998,-0.033298,-0.094112,0.078088,0.024014,0.092294,-0.072158,-0.040827,-0.093451,0.0011711,-0.047388,-0.069203,-0.036121,0.056663,-0.11309,-0.087765,0.029967,0.10245,0.07434,0.060648,0.059541,-0.040724,0.081797,0.011036,-0.077306,-0.090202,-0.040997,-0.019813,0.11861,-0.097252,-0.11195,0.049644,-0.036014,-0.043699,-0.0034802,0.05415,-0.049628,0.087672,-0.031702,-0.014005,-0.10894,0.055794,-0.020493,-0.045305,-0.072309,-0.11135,0.080202,-0.11411,0.042681,0.06188,0.066232,-0.077433,-0.094807,-0.075429,0.024218,-0.088629,-0.059283,0.0018656,-0.069252,0.063797,0.063591,-0.10598,0.098531,-0.016432,0.077941,0.10125,0.080736,-0.014079,-0.035662,0.077023,0.078655,-0.010876,0.041811,0.043886,0.071934,-0.0021513,-0.058417,0.011326,0.005952,-0.037536,-0.073561,-0.051148,-0.032069,-0.024913,0.10975,0.055316,0.0048867,0.021067,0.05997,-0.0027706,0.10125,0.029197,-0.051847,0.058783,0.013874,-0.074923,0.0061962,0.067532,0.037841,0.11056,0.0086849,-0.033856,0.087017,-0.11651,-0.021731,0.076114,-0.075175,0.022999,-0.083103,0.028702,-0.02389,0.0031067,0.02165,-0.11985,0.070808,0.076271,0.071592,-0.012116,0.059318,0.077992,0.085374,-0.055773,-0.032269,0.022728,0.11694,-0.097896,0.028713,-0.099305,0.071545,0.037803,0.080696,0.092201,-0.012338,0.072238,-0.091833,-0.030193,-0.046973,-0.080445,0.10067,-0.016871,0.06448,0.011715,-0.10248,-0.034293,0.022393,0.019737,-0.079004,0.084707,-0.021154,0.11952,-0.027273,-0.028148,0.11641,0.099189,-0.0017678,0.027028,-0.040305,0.09217,-0.11442,-0.11518,0.065057,-0.011307,-0.03272,0.10506,-0.045597,-0.012697,-0.0079618,0.017465,0.0066424,-0.0078304,0.08515,-0.10135,-0.11521,-0.10423,0.088339,0.048489,0.054969,-0.0082212,-0.056593,-0.076957,0.0042471,-0.09252,-0.034563,-0.11092,0.10266,0.10486,0.082793,0.065478,-0.095829,0.0061178,-0.11566,0.025313,-0.10124,0.10432,0.052928,0.090015,-0.023643,0.088409,0.049734,-0.0094862,-0.041064,0.0056558,0.076387,-0.064367,0.083727,0.014546,-0.076133,-0.11373,-0.11839,-0.0013029,0.016152,-0.072181,0.027241,0.093319,-0.01212,0.072626,-0.056871,-0.10355,0.065671,-0.11576,0.11307,0.071536,-0.042291,-0.047499,-0.069197,-0.083556,0.012985,0.077024,0.081666,-0.099657,0.040441,0.10529,-0.086627,-0.070652,0.084767,-0.063863,-0.019206,0.031512,-0.042821,0.11152,-0.079019,0.046955,0.10674,-0.022974,-0.10636,-0.035306,0.035821,0.051062,0.061963,0.11,0.085335,-0.02694,-0.0076822,0.04616,0.11944,-0.017756,0.06337,0.045534,0.083049,-0.093291,0.079471,-0.00051464,0.036311,-0.023128,0.0018987,0.010782,0.033871,-0.049971,-0.020726,0.046559,-0.058118,-0.068566,-0.077273,0.092768,0.057863,0.054715,-0.067672,0.11021,0.073036,0.070423,-0.10721,0.10803,0.11597,-0.088083,0.06261,0.070291,0.029036,0.070504,-0.066776,0.061409,-0.073904,0.056014,0.034694,0.10493,0.071886,0.00095534,-0.057002,-0.076111,-0.010521,-0.012324,0.041105,-0.0009726,-0.07116,-0.033846,0.061033,0.099666,0.11293,-0.019756,0.042049,-0.11009,-0.10831,-0.055944,-0.016184,-0.0094385,0.011191,0.057632,-0.014266,-0.0038485,0.025374,0.044722,0.0080406,-0.037619,-0.10215,0.039284,-0.0040266,-0.11071,0.062201,0.042632,-0.0094308,-0.028599,-0.010421,0.013411,0.073318,0.0091797,-0.098019,0.097517,-0.046613,-0.078309,-0.036311,0.016081,-0.0787,0.11582,0.00096939,-0.033223,-0.0084366,0.022633,-0.046353,0.050362,0.023917,0.1145,-0.028683,-0.062124,0.041315,0.069005,0.054693,0.054362,-0.023722,0.09296,-0.040953,0.025038,-0.076648,-0.00055488,-0.079773,0.10371,-0.066728,0.08349,-0.060255,0.10036,-0.029771,-0.1019,-0.079911,-0.078739,0.019931,0.027855,-0.085657,0.052256,0.10198,-0.095412,-0.099362,0.093072,-0.082763,0.073415,-0.039237,-0.095337,-0.11057
-0.079077,0.037583,-0.033323,0.092647,0.028951,0.048819,-0.11737,0.077782,-0.10658,-0.022291,-0.078654,0.048552,0.10811,0.075438,0.05438,-0.058173,0.094239,-0.096939,0.0081558,-0.082759,-0.0083378,-0.091544,0.0053822,-0.10521,-0.061573,0.076988,0.020837,-0.07962,-0.018064,-0.078449,-0.065769,-0.093178,-0.015986,-0.076044,0.082923,-0.050256,-0.025436,-0.11884,-0.06673,0.085999,-0.041591,0.018803,-0.038968,0.062608,-0.032809,0.06994,-0.0039603,-0.096016,-0.094431,0.066408,-0.089747,-0.053253,0.043935,-0.086199,0.10463,-0.091683,-0.078572,0.11015,-0.027787,0.051279,-0.066479,-0.025257,-0.047321,0.029769,0.00038277,-0.069139,-0.027585,0.00057888,0.009052,0.081112,0.094847,0.003792,0.017984,0.097481,0.044912,0.042571,-0.041291,0.035473,0.020844,0.035395,0.0083871,-0.031043,0.063512,0.011502,0.030318,0.082121,-0.064757,0.090578,-0.099523,0.035436,0.032389,0.046182,-0.018998,0.085925,-0.029201,0.00086455,-0.027689,0.088143,0.077253,0.012079,0.048713,0.10131,0.091898,0.038985,0.10312,-0.057052,-0.073117,-0.11074,0.11504,0.084843,-0.048565,-0.043497,-0.09116,0.033593,0.11147,0.10875,-0.076823,0.0056875,0.046052,-0.11254,0.060916,0.072484,-0.079928,-0.0049493,-0.10947,0.097953,-0.012698,0.11917,0.037831,0.091416,0.035817,0.056661,-0.012874,-0.10055,0.10489,0.02821,-0.044067,-0.10777,-0.08838,-0.11245,-0.095565,-0.076679,-0.065556,0.027237,0.0076857,0.090441,-0.10529,-0.093364,0.072503,-0.0077875,-0.098624,-0.063527,0.033733,-0.09437,0.0157,-0.0027876,0.068513,-0.11204,-0.11851,-0.028429,0.053158,-0.063791,0.084128,0.05301,-0.070501,-0.093249,0.057093,-0.033974,0.030886,-0.057776,-0.0087741,-0.021883,0.0027021,0.061996,0.068803,0.073732,-0.0036481,0.086753,-0.092059,0.019584,0.076036,0.041827,-0.10931,-0.06991,-0.023929,0.10424,-0.070648,-0.065589,-0.036555,-0.073427,0.11991,0.043778,0.068787,-0.051934,0.042052,0.098689,-0.061954,0.051443,0.02417,-9.4001e-06,-0.10313,0.011534,0.075001,-0.047588,0.024034,-0.10581,0.069094,-0.053222,0.010566,-0.098083,-0.064813,0.011474,-0.099938,-0.071343,-0.074432,-0.048753,0.017485,0.072967,-0.00088962,-0.022776,0.11368,0.078624,-0.0014776,0.019987,0.074843,0.10826,0.10651,0.00013886,-0.092534,-0.061429,-0.049852,0.11677,0.030379,-0.024372,0.014695,-0.041809,-0.059248,0.061871,0.098113,0.07973,0.088161,-0.080955,-0.10234,-0.047489,-0.11522,0.057678,-0.035037,0.022253,-0.083086,0.11638,-0.032218,-0.060051,0.077659,-0.072338,0.10509,-0.01483,-0.0045946,0.046085,-0.011137,0.10212,-0.027761,-0.0060428,0.074886,-0.077493,-0.1053,0.061891,0.031196,0.028848,0.035132,-0.014595,0.037674,-0.051708,-0.06259,0.073558,-0.095777,-0.10506,0.068498,0.080262,0.014509,0.019757,-0.062817,0.064287,-0.028895,0.032722,0.072436,-0.0043352,0.077962,0.081259,0.0064262,-0.015338,0.0013198,-0.063617,-0.030553,0.063927,0.11355,0.02757,0.11221,0.10479,0.024833,-0.035998,-0.044306,0.037202,0.030139,-0.0051403,0.016233,-0.027725,0.081963,-0.082003,0.046231,-0.10175,-0.058067,-0.093391,-0.11876,0.049076,0.053821,-0.095628,-0.11961,-0.11826,-0.041806,0.08452,0.072965,-0.070841,0.054821,0.08231,-0.0089555,-0.024605,-0.1117,0.067494,0.078258,0.044955,0.090754,-0.050441,-0.052479,0.058399,-0.11668,-0.091904,0.072408,0.056339,-0.021122,-0.11974,0.0036522,-0.080286,0.05519,0.066959,-0.041572,-0.080852,-0.10463,-0.10279,-0.11534,-0.094652,0.099868,-0.07698,0.031646,-0.056213,0.022177,0.065744,-0.074865,-0.016772,0.054347,0.050136,-0.08234,-0.10507,0.056333,0.035953,-0.11743,0.075142,0.018187,0.099731,-0.096796,-0.092778,0.055213,0.11736,-0.11815,-0.011841,0.02544,-0.11675,-0.10305,-0.089242,0.0097869,-0.0796,0.0011919,0.0019164,-0.0050838,0.064122,0.067923,0.053271,-0.11972,-0.0058325,-0.064323,-0.01074,0.081549,-0.044575,-0.07725,0.10932,-0.10278,-0.056447,-0.10862,0.086903,-0.099651,-0.036523,0.045422
0.10618,-0.066155,0.035895,0.046001,0.11191,-0.0059724,0.029338,0.046042,-0.0014555,-0.083139,0.075017,-0.076953,-0.068611,-0.011728,0.097948,-0.015843,0.074757,0.087711,-0.11601,-0.0087821,-0.1105,0.098339,-0.078661,-0.085695,0.059875,-0.045607,0.11688,0.095546,0.030434,-0.026743,-0.03852,0.079207,-0.11711,-0.029928,-0.055923,-0.11838,-0.078704,0.069363,0.036088,0.032541,-0.040746,-0.063049,0.11226,-0.011348,-0.024341,-0.090794,-0.10561,0.10611,-0.098411,-0.033449,-0.066458,-0.040901,0.07136,0.087276,0.076306,0.066822,-0.04474,-0.096748,0.049046,0.014773,0.10596,-0.094229,-0.0070959,-0.013115,0.10883,0.061112,0.086462,-0.091559,-0.042547,-0.075903,-0.11734,0.041909,-0.10199,0.11471,-0.055091,-0.06646,-0.083973,-0.05015,0.069119,-0.063129,0.10357,0.0060052,0.091209,-0.11731,0.079367,0.11503,0.074073,0.055725,-0.088896,-0.01098,-0.024915,0.03182,-0.0076334,-0.0096679,-0.025865,0.056748,0.015312,0.013555,-0.013061,-0.10708,-0.10292,-0.027084,-0.018792,-0.049249,-0.037717,-0.091085,0.096186,-0.024485,0.056244,0.010661,-0.11493,0.030838,0.064541,-0.10454,0.10977,-0.057026,-0.025646,0.050376,-0.024524,-0.10141,-0.031603,0.061969,0.05284,0.1058,0.075401,0.086142,-0.078303,-0.086993,0.096286,-0.097314,-0.097408,-0.0055473,-0.10854,-0.050109,-0.018,-0.015898,0.084931,0.065975,0.050463,0.013551,0.11376,0.091737,-0.047667,-0.016133,0.081676,-0.1105,-0.060399,0.10691,-0.051702,0.0081351,0.018655,-0.078923,0.05578,0.062943,-0.075701,-0.062199,0.071636,0.0086444,-0.011947,-0.064788,-0.057747,-0.089872,0.049293,0.084966,0.11058,0.087204,-0.11762,-0.067287,-0.098033,0.036815,-0.038735,0.061604,0.058605,-0.054913,0.015516,0.023505,-0.069149,0.11275,0.028033,-0.075651,-0.10376,-0.0067621,0.10206,0.03845,-0.018788,0.034758,-0.057298,-0.0041132,0.11373,0.017949,0.10195,-0.054336,-0.023111,-0.048472,-0.0020579,0.10985,0.086276,-0.075011,-0.082843,0.088602,0.047476,-0.08836,0.051203,-0.052375,0.11381,-0.04305,0.027729,-0.087634,0.11524,-0.090299,-0.064724,0.027285,-0.064564,0.10862,0.048797,0.10902,0.075715,-0.014942,0.023863,-0.019819,-0.087929,0.027375,-0.046695,-0.026072,-0.010516,0.10838,0.1152,0.030702,0.10372,-0.10079,-0.022648,-0.11285,-0.10678,0.052579,0.01446,-0.079375,-0.040707,0.069097,-0.048323,0.016819,0.039437,0.077713,-0.021903,0.02571,0.072546,-0.04527,-0.020328,0.097292,0.11555,-0.036695,-0.11667,0.057289,-0.11001,0.09595,-0.022925,0.030462,-0.11609,-0.044793,0.071978,-0.035118,-0.033688,0.019614,-0.10174,-0.070642,0.08578,0.10041,-0.0023396,0.098784,-0.10291,-0.085656,-0.077715,0.11388,0.034475,0.032671,-0.11354,0.081854,0.082605,0.020839,0.030214,-0.07196,0.048538,0.04285,-0.10071,0.01011,0.084424,0.11305,-0.065567,-0.062492,-0.051921,0.0036809,0.016332,-0.11414,-0.095067,-0.039151,0.1135,0.060715,-0.03118,0.057644,-0.11441,-0.055051,-0.075133,0.054109,0.1083,0.11986,-0.10446,-0.090752,0.081795,-0.105,-0.10046,0.00053697,0.021323,-0.02635,0.0088385,0.096594,-0.055016,-0.045236,0.025429,0.092436,-0.019708,0.062843,-0.09374,-0.040255,-0.013602,0.057645,0.089567,-0.019977,-0.047209,0.090988,-0.080632,-0.066338,-0.095676,0.06198,0.009428,0.11038,-0.095129,0.035486,0.046524,-0.11974,-0.078934,0.11565,0.059397,-0.065065,-0.056878,0.056253,-0.086613,-0.033541,0.10098,-0.097285,0.0013193,-0.026901,0.038432,0.053562,-0.033484,-0.031019,-0.11804,0.046649,0.042578,0.086618,-0.064074,-0.097566,0.11417,0.010737,0.095658,-0.10849,-0.041676,0.077312,0.094135,0.0091013,0.06434,0.097289,-0.066034,-0.052982,-0.01529,0.013943,-0.0018746,-0.074241,0.020954,-0.004076,0.019331,-0.11546,0.021623,0.11218,0.050297,-0.077458,0.067786,-0.024237,0.022609,0.10907,0.0044909,0.031113,0.07618,0.05451,0.013557,-0.10102,-0.11986,-0.052313,-0.048981,0.00085896,0.0018849,0.048145,0.11298
0.046909,0.012642,0.01627,0.04972,-0.094987,-0.049521,0.014513,0.009879,0.023744,0.026157,-0.0020304,-0.11007,-0.0072494,-0.0028909,-0.059642,-0.11242,0.01739,-0.017373,-0.10773,-0.10923,0.038666,0.091932,0.1095,-0.10425,-0.06082,-0.098818,-0.077978,0.082845,-0.10165,0.041277,0.017338,-0.092026,0.02698,0.01704,0.040488,0.015443,-0.1016,-0.081013,0.10949,-0.053051,0.01344,0.10169,-0.1065,-0.00017963,-0.092942,0.063432,0.065477,0.042154,0.1124,0.033909,-0.098772,0.050913,-0.092222,0.11138,-0.031141,0.040203,0.079038,-0.080635,0.040901,-0.07755,0.052596,-0.016549,-0.014363,-0.071988,-0.045564,-0.039293,-0.047093,0.029872,0.10414,-0.021701,0.072676,-0.096431,-0.034383,-0.020585,0.093579,-0.0097333,-0.10837,0.046046,-0.082063,0.084339,0.1091,0.016617,0.0093778,0.091081,-0.05494,0.11431,-0.026217,0.041662,0.0087016,0.069675,0.023731,0.045807,-0.0042915,0.091598,-0.030185,-0.032521,-0.10123,0.1187,0.10126,0.03805,0.028703,0.084742,-0.08518,-0.039139,-0.0066781,-0.0041672,-0.014713,0.076862,0.0012305,-3.2732e-05,-0.011653,-0.070718,-0.10429,0.092246,-0.070186,0.05529,0.056773,-0.077299,-0.063783,-0.11668,0.035779,0.012421,-0.051639,0.085934,0.007299,0.074848,0.072635,0.088567,0.054441,0.0076512,0.049394,0.083359,0.090358,0.052597,0.065943,-0.041891,0.1009,-0.11518,-0.021937,0.022096,-0.073606,0.0014805,0.073419,0.084686,-0.02423,0.057653,0.096014,0.057743,-0.0089207,-0.052614,-0.024127,-0.021482,0.086011,0.076315,0.098117,0.0025109,0.11433,-0.052834,-0.024832,-0.075802,-0.029127,-0.082992,0.027226,-0.087366,-0.10517,0.083553,-0.066549,-0.088771,0.0094581,-0.11533,0.087524,0.049305,0.073629,-0.024299,0.07839,-0.084919,0.06558,-0.076707,0.096535,-0.047125,0.026008,0.067341,-0.069666,-0.088792,0.061224,-0.098155,0.11739,0.054449,0.094646,0.015902,0.045039,0.088576,0.1048,-0.015145,0.11728,-0.090635,0.023874,0.099679,0.011041,-0.10814,0.01714,-0.025262,-0.035714,0.017481,0.039698,-0.057657,-0.028838,-0.064684,0.095448,-0.057061,0.074418,-0.023191,-0.10616,-0.10505,-0.055836,-0.074933,-0.063178,0.018842,0.10095,0.090207,0.044173,0.017622,0.053382,-0.093151,0.091071,0.053575,0.081958,0.015857,0.045975,-0.05525,-0.066495,0.095519,-0.037797,-0.0035971,-0.072627,0.098016,0.1082,-0.0044071,0.089432,0.044566,-0.02623,0.079437,0.027792,0.085973,0.087678,-0.066403,-0.015683,-0.11325,0.10517,-0.039766,0.11723,-0.084505,-0.04349,-0.086379,-0.078423,0.093075,-0.058495,-0.022993,0.020288,0.071633,-0.017035,-0.0727,0.022998,-0.060036,-0.11921,0.096938,0.10973,-0.095648,-0.0062942,-0.11863,0.032369,-0.0029428,0.016351,0.074783,0.093844,-0.057584,-0.1101,0.059992,0.012804,0.085091,0.073289,-0.11403,0.075193,0.06211,0.051177,-0.083451,0.051442,0.08973,0.032799,-0.044482,0.10525,0.049455,-0.019085,0.034594,0.075092,-0.086911,-0.045014,0.08858,0.060711,-0.097016,-0.0022192,-0.031743,0.094897,-0.023387,0.036417,0.068998,0.072001,0.08472,-0.099333,-0.022581,0.016672,0.0011324,0.11409,0.059628,-0.02321,0.018152,0.0089991,-0.0073321,0.078454,0.092577,0.05343,-0.038727,-0.017688,0.066469,-0.020024,0.095746,-0.048427,-0.072055,-0.027657,0.0074265,0.043166,-0.10843,-0.10774,0.083414,-0.026501,-0.027736,-0.04596,-0.0085035,-0.084586,0.089276,-0.036605,-0.074248,0.014014,0.081901,0.097199,-0.084051,0.090183,-0.050741,-0.050872,-0.089283,-0.023856,-0.089739,0.083844,0.053526,-0.11073,-0.1103,0.029969,0.086583,-0.11421,-0.070365,-0.024251,0.054041,0.064879,0.032557,-0.01143,0.089248,0.040162,-0.07257,0.045764,0.06707,0.032974,-0.015537,0.053172,-0.09894,0.019044,-0.014568,0.10494,-0.014412,0.045785,-0.07208,-0.10516,0.016104,0.11558,-0.11995,-0.024783,-0.035505,-0.066445,-0.086538,0.041583,0.089058,0.091295,0.082368,-0.057238,-0.024538,0.054303,-0.11886,0.06283,-0.11547,-0.079278,-0.11739,0.10666
0.020637,-0.084847,0.085287,-0.0045842,-0.019975,-0.076381,0.042441,-0.11773,0.058115,-0.043261,0.1196,-0.017718,0.0083037,0.11068,-0.041813,0.014956,-0.10108,-0.10604,-0.07401,0.10392,0.088272,0.073156,0.005648,-0.022074,-0.028588,-0.083883,-0.076189,-0.03666,-0.022207,-0.086733,-0.033059,0.040104,-0.081567,0.11352,-0.11966,-0.018379,0.0059187,0.010202,0.04969,-0.071737,0.11731,-0.062675,0.037797,0.075997,0.028315,0.057186,-0.097809,-0.0096277,-0.026065,0.031582,-0.11645,-0.06636,-0.027526,-0.062295,-0.019208,-0.064921,-0.042224,-0.068529,0.11469,-0.059583,0.030781,0.047807,0.020898,0.06144,-0.10764,0.02586,0.067675,0.019105,-0.078544,-0.040746,0.11297,-0.0094139,-0.057254,-0.11652,-0.070493,0.10941,-0.10059,-0.031679,0.093961,0.041874,0.081481,0.10847,0.1118,0.084527,0.057031,-0.075346,0.033709,0.085607,0.10611,0.088049,-0.10747,-0.063751,0.052343,0.096601,0.0057691,0.065003,-0.057984,0.037906,0.036206,-0.03607,-0.04879,-0.082041,-0.0029897,0.014625,-0.098325,0.11535,0.064182,-0.024763,0.02087,-0.023765,-0.0032402,-0.011221,0.019514,0.11621,-0.024141,-0.081555,0.048157,0.022066,-0.058509,0.0022304,0.10379,0.073982,0.0084445,0.069151,0.10213,0.045397,0.1161,0.099352,-0.10036,0.046131,-0.057946,0.021805,0.043888,0.11883,0.068372,0.10335,-0.01052,0.034733,-0.092196,0.023957,-0.016148,-0.11702,0.10816,-0.083506,0.021654,0.020226,0.046137,-0.01315,-0.065019,0.0859,0.082573,0.078709,-0.10097,0.074983,0.039533,-0.013299,0.11705,0.11929,0.08149,0.013815,-0.019005,0.046503,0.022475,0.049309,-0.04696,-0.069805,0.068826,-0.0098257,0.014508,0.041093,0.0068253,0.10043,-0.011202,0.093672,0.10669,0.1196,-0.041867,0.0089986,-0.073339,0.061751,-0.076332,0.093417,-0.071535,-0.0010777,0.066799,-0.04294,0.099137,-0.095186,-0.11114,0.082631,0.0081911,0.058558,-0.056205,-0.027108,0.02319,0.05493,-0.030124,-0.087392,0.11306,-0.033051,-0.051289,0.046354,0.073956,-0.076736,0.023405,0.084158,0.048117,0.035735,-0.063883,-0.020659,-0.0037433,0.097143,0.055747,-0.10013,0.0075261,-0.034278,0.094834,0.059716,-0.084476,0.10017,0.018116,0.10863,-0.11236,0.043635,-0.017357,0.048458,0.072516,-0.024543,-0.045559,0.090875,0.020999,0.0553,0.0076594,0.09261,0.078001,0.032192,-0.010772,0.016062,0.050958,0.10331,-0.09093,0.01602,0.042878,0.0031977,0.094163,-0.038273,-0.089517,0.098199,0.069607,0.052152,0.045042,0.018696,-0.022615,0.028517,-0.031384,0.10627,-0.025381,0.064014,0.044793,0.031161,0.088859,-0.015567,0.096183,-0.022708,-0.10503,-0.085688,-0.1069,-0.043449,0.079154,0.064268,0.06298,0.097167,-0.034202,-0.11525,-0.044034,-0.0524,0.090417,-0.040185,-0.068294,0.11231,-0.086968,0.014081,-0.1159,0.055531,0.10055,-0.061329,0.019464,-0.067118,0.093136,-0.08669,-0.058276,0.014354,0.053822,-0.0056557,-0.083552,-0.022182,-0.079475,0.10971,-0.048454,0.085639,0.021976,0.053635,0.10907,0.092249,0.096472,0.038497,-0.066251,0.067156,0.091077,0.034023,-0.071359,0.10433,-0.11566,-0.070326,0.06953,0.084203,-0.10871,-0.11235,-0.029415,-0.024555,0.081057,-0.061477,-0.095573,0.11694,-0.040188,0.11643,0.013475,0.10154,0.077561,0.024503,0.015587,-0.11253,0.11187,-0.052059,-0.026143,0.062359,0.097012,-0.037558,-0.032437,0.064878,0.0058567,-0.023033,-0.10801,0.097289,-0.10002,0.054439,-0.057579,0.10935,0.092646,0.018753,0.016788,-0.015886,0.050057,-0.026995,0.051413,0.03985,-0.0042918,0.010842,0.087998,-0.0013341,-0.11329,0.043617,-0.10741,0.11047,-0.049482,-0.0198,-0.086436,-0.079928,-0.1028,0.081831,-0.063692,-0.05182,-0.055395,0.025063,-0.0079812,0.004127,-0.11588,-0.11702,-0.054206,-0.032089,0.02501,-0.03093,0.0019786,-0.10675,0.10762,0.1052,-0.075862,-0.078938,-0.036471,0.10843,-0.024736,-0.0061713,0.11156,0.017511,0.093511,0.06511,-0.024756,-0.072061,0.020861,0.066329,-0.042162
0.1011,0.068083,-0.030837,-0.11673,0.089864,0.036904,-0.083066,-0.03931,-0.1113,0.083395,-0.044816,-0.0016123,-0.11535,0.0044086,0.069451,-0.095576,0.086053,-0.11448,0.032368,0.055864,-0.00090615,-0.10638,0.0066916,0.08453,0.027362,-0.045466,-0.092734,-0.067387,0.11511,0.11917,-0.043153,0.062515,-0.079984,0.081063,0.05005,-0.018036,0.00038862,0.011131,-0.083885,0.030481,-0.087126,0.0299,-0.018485,-0.014046,0.017719,0.092466,0.080446,-0.068513,-0.074928,0.042336,0.074529,-0.11267,0.017517,0.070038,0.068074,0.062427,-0.016825,0.087295,0.056805,-0.078966,-0.039135,-0.069836,-0.062203,0.09575,-0.11433,0.098122,-0.10955,-0.10596,-0.10568,0.062662,0.063188,0.098105,0.035644,0.048836,-0.10131,0.0043465,-0.086325,-0.062602,-0.011406,-0.068631,-0.032877,-0.0627,-0.0054741,0.067817,-0.064103,0.063126,0.032065,0.0085051,0.015226,-0.11747,-0.11975,0.074783,0.10991,-0.034509,0.0037046,-0.00074586,-0.085696,-0.056096,0.093751,0.0049826,0.04971,-0.069743,-0.021766,-0.077737,-0.10878,-0.037738,-0.077049,0.026177,0.0070856,-0.013893,-0.050325,-0.0089736,0.080887,0.011178,0.0084862,0.045551,0.11799,-0.064018,0.048674,-0.096486,-0.0095617,0.051253,0.09704,-0.11678,-0.10894,0.061104,-0.092286,-0.072463,-0.044241,-0.11294,-0.076104,-0.065001,-0.11722,0.098256,-0.023484,-0.056218,0.077808,0.11593,0.050879,-0.077419,-0.05797,0.10999,0.11893,0.083826,0.050017,0.062445,0.10434,0.024455,0.052165,0.073761,-0.014705,0.087281,0.024004,-0.047536,0.083675,0.10552,-0.071265,0.056389,0.042233,-0.029421,0.088879,-0.026341,0.093539,-0.0153,-0.03748,0.026351,0.057608,-0.016303,-0.028441,0.002612,-0.094218,0.09457,-0.023478,-0.080964,0.020969,0.018425,-0.11461,-0.071597,-0.098146,-0.0072872,0.0066779,0.071712,0.079838,0.083164,-0.024974,-0.054877,-0.10842,0.11655,-0.067176,-0.059143,-0.074632,-0.026647,-0.052545,-0.063049,-0.011179,-0.095599,-0.10674,0.0022034,0.0016414,0.0079232,0.05299,-0.053649,-0.070041,0.039814,0.069894,-0.065476,0.050488,-0.068367,0.097089,-0.024516,0.062133,-0.10369,-0.058199,-0.0086176,0.042581,-0.016965,-0.088309,-0.087088,-0.010784,0.035314,0.048391,-0.11929,-0.097588,0.07606,-0.032561,-0.047964,-0.057932,-0.018044,0.074949,-0.061112,-0.016606,0.066317,0.021797,-0.069205,0.087015,-0.094822,-0.11124,0.0046766,0.044242,-0.078267,-0.11898,-0.10038,-0.061268,-0.057044,0.0315,0.0586,0.1016,0.050845,0.022231,0.11391,0.053602,0.041079,-0.07973,0.038299,-0.037805,0.094669,-0.025839,0.099527,-0.032356,-0.091288,0.10395,-0.098233,0.078493,0.028552,-0.049981,-0.083807,0.0057111,0.10607,0.032507,0.028538,0.0055511,-0.031633,-0.013825,0.04374,-0.064781,-0.039901,0.019451,-0.033286,-0.048815,0.06381,0.036338,0.061538,-0.10486,0.063927,-0.015225,0.012708,-0.025533,-0.0797,0.0362,-0.017247,-0.080623,-0.016144,-0.11511,0.054445,-0.064216,0.052776,0.0072279,-0.10962,0.047275,-0.028471,-0.11792,-0.063004,0.087952,0.015657,0.012168,-0.084167,0.082923,-0.11896,0.036271,-0.013128,-0.05257,0.11662,-0.0044041,-0.035427,-0.055788,-0.11576,0.034904,-0.014595,-0.083689,0.0040289,0.047703,-0.072215,0.041152,0.068166,-0.037524,-0.055802,0.086409,0.044921,-0.09918,-0.094198,0.0058398,-0.088167,-0.080411,0.11908,0.087339,-0.021748,-0.08816,-0.087273,-0.078244,-0.10571,-0.031047,0.078896,0.053258,0.013851,-0.063794,-0.026295,0.092293,-0.088384,0.079986,-0.016539,0.09809,-0.09824,-0.087603,-0.03421,0.060732,0.099741,0.093833,0.070475,-0.068469,0.06304,-0.11069,0.097648,0.10698,0.062217,0.0057702,-0.096904,-0.021349,0.045394,-0.0056683,0.045584,-0.084975,0.10593,-0.11301,0.10719,-0.061221,-0.073114,0.040656,-0.086938,0.030681,-0.047986,-0.02079,-0.0039901,-0.10253,-0.071157,-0.029825,-0.032178,0.05225,0.072405,-0.062179,0.029572,-0.031662,-0.11637,0.052339,0.037035,-0.0744,-0.047168,0.063277,0.046459,0.11153,-0.0026094,0.11988
0.015657,-0.067812,0.10199,0.028107,-0.092393,0.11214,0.096814,-0.0031193,0.082174,0.040341,0.078775,0.05837,0.071481,-0.022567,-0.029356,-0.041555,0.025709,-0.0044512,-0.090269,0.05362,-0.070951,-0.09115,0.082453,0.079021,-0.058416,-0.057038,0.043369,-0.059375,0.1103,0.073388,-0.064304,-0.039694,-0.093907,-0.045389,-0.021253,-0.10096,0.092199,0.077845,0.06894,0.03689,-0.057739,0.017579,-0.081303,-0.029915,0.071184,0.078941,-0.041078,0.0072038,0.023889,-0.057428,-0.079045,-0.073186,0.05343,0.027933,0.016817,0.079857,0.029896,0.059227,0.0138,-0.093952,0.038488,0.028948,-0.053194,0.037758,-0.086456,-0.047627,-0.11132,-0.099399,0.082221,0.076952,0.089947,-0.036108,0.044472,0.045854,0.098953,0.036623,-0.0069719,0.088232,-0.11062,0.019446,-0.05472,0.10263,0.023539,-0.064405,0.092237,0.07721,0.083718,-0.02345,-0.039698,0.036799,0.088182,0.0456,0.063475,-0.0023336,0.06665,-0.043783,-0.096688,0.012124,-0.11888,-0.0434,0.061672,-0.075693,0.058637,0.085294,0.02362,-0.058405,-0.041406,-0.0075064,-0.1139,-0.10101,-0.057157,0.032242,-0.0095645,0.032825,-0.0052169,0.10969,0.010099,0.11468,0.10411,-0.042752,0.11112,0.00050188,-0.043906,-0.020151,-0.023974,-0.069171,-0.039758,-0.019861,0.10126,-0.11079,0.11544,0.023634,-0.056229,0.040924,0.015663,-0.11297,-0.065001,0.10232,0.067785,0.073571,-0.018983,-0.0015742,-0.091319,0.11731,-0.11073,-0.051092,0.0099397,-0.029346,0.10625,0.044968,-0.045689,0.044261,-0.033108,-0.094906,-0.024673,-0.01221,0.035116,0.031472,-0.10698,0.063003,0.0050915,-0.08242,-0.072795,0.106,0.066366,-0.081091,0.0057809,-0.028534,-0.062004,-0.0003297,0.079839,0.085294,-0.055089,0.022746,0.072854,-0.088105,-0.11654,0.012053,0.078428,-0.098165,-0.051837,0.11426,0.10987,0.042325,0.024203,0.0099462,0.029684,0.035729,-0.093163,-0.095491,-0.086233,-0.051011,0.039284,0.037477,-0.10503,0.053556,0.039114,0.085517,-0.015536,0.017379,0.034627,0.012296,-0.012272,0.10027,0.11163,-0.054992,0.0049306,0.076046,-0.037445,0.076946,0.01536,-0.022384,-0.013205,-0.09006,0.043176,0.047632,0.059498,0.081026,0.091752,0.042905,0.092345,-0.092503,0.073662,0.036736,-0.03783,0.083682,-0.098576,0.036512,-0.037979,0.11935,0.099493,-0.05026,0.039684,0.11798,-0.071474,0.051823,-0.1012,0.063271,-0.11453,-0.026149,0.037404,-0.009199,-0.023536,-0.080089,0.082282,0.014633,0.10642,0.10104,0.11007,-0.10477,0.039789,0.11733,-0.0083831,0.069634,0.02757,0.11429,-0.089317,0.034012,0.076511,-0.020338,-0.043854,-0.064324,0.017648,0.023376,0.070054,-0.065501,0.0085709,-0.051574,-0.073771,0.066743,-0.024132,0.019312,0.088818,0.060827,-0.10819,0.054494,-0.099438,0.061829,0.016318,-0.095342,0.069807,-0.050966,-0.065195,-0.051451,-0.10744,0.06051,-0.069783,-0.028624,0.073986,-0.075711,-0.022305,-0.085016,0.024864,0.06403,-0.085841,-0.016099,-0.090398,-0.087581,0.11631,0.084987,-0.093273,-0.023378,0.091953,0.031739,-0.10442,-0.035232,-0.043256,-0.013538,-0.019766,-0.01821,-0.080181,0.035504,0.114,-0.015531,-0.013097,0.024894,-0.00024661,0.084173,0.057866,0.092962,-0.10745,-0.083375,0.030249,-0.06141,0.072295,-0.042465,-0.032332,0.11439,-0.032886,0.047623,0.043862,-0.067263,-0.031369,-0.045627,-0.036727,0.059332,0.0078971,-0.10732,0.073338,0.068695,-0.091689,-0.026504,0.038009,0.050801,-0.065358,-0.027997,-0.094947,0.11217,-0.11772,0.020735,-0.037847,0.0040805,-0.056488,-0.098281,0.10079,0.075681,-0.0021375,-0.026691,0.013152,0.0021344,0.020278,0.042521,-0.095314,0.11649,0.090791,-0.073316,0.044181,-0.060366,-0.081457,0.1089,-0.075814,0.089905,0.027595,-0.10935,0.064092,-0.01533,0.059973,-0.01968,-0.044434,-0.079153,-0.037037,0.039025,-0.070809,-0.044998,-0.030298,-0.022902,0.078634,-0.096172,0.085825,0.098463,0.038387,-0.013061,0.077644,-0.064349,0.086627,0.050234,0.04498,-0.039502,0.10363,0.096987,-0.11519
-0.062984,0.074821,0.011755,-0.00496,-0.036384,0.1131,-0.053465,-0.021121,0.086835,-0.011527,0.11319,-0.049924,0.053075,0.040306,0.09326,-0.027647,-0.057969,0.059851,-0.0038216,-0.07137,0.097889,-0.030547,0.013224,-0.025597,0.093259,0.061195,0.069161,-0.089991,0.00042875,0.064879,0.0019214,-0.024125,-0.094277,-0.046429,0.11855,-0.033188,-0.0029389,-0.0021274,-0.088456,-0.01896,-0.023818,0.038526,0.053913,-0.11279,-0.075746,0.00029584,-0.019539,-0.061107,-0.11178,0.053415,0.050323,0.014298,0.027161,0.10518,0.033585,-0.097047,-0.038472,-0.096687,0.11716,-0.082416,-0.10346,0.0050603,0.011125,-0.0079701,-0.0072224,0.09656,-0.031933,0.041757,-0.11829,-0.03683,0.0882,-0.064313,-0.023289,-0.10481,-0.068483,-0.0089424,0.0077774,-0.09709,-0.0029858,0.040074,0.037749,0.068358,0.078162,0.073697,0.06478,-0.0091746,0.022193,0.025322,0.080417,-0.054951,-0.078487,0.042198,-0.077902,-0.11082,0.1181,-0.07231,0.011257,0.067303,-0.083889,0.092309,-0.070383,-0.10183,0.056704,0.08399,0.07693,-0.045319,0.066571,0.0017471,0.093174,0.11747,-0.039658,0.046485,0.037377,0.055953,-0.076962,-0.063796,0.10312,-0.033574,0.01132,-0.10256,-0.033327,0.11267,0.065409,0.10717,-0.10465,-0.051873,-0.059056,-0.031324,0.048489,-0.07243,-0.055328,-0.0046267,-0.10024,-0.0019087,-0.063023,-0.061349,0.083682,0.060347,-0.050771,-0.086085,0.072253,0.085074,-0.11793,0.046134,-0.038077,-0.030186,-0.03239,0.030452,0.11372,0.052467,0.052023,0.11458,-0.090503,0.035107,-0.10956,-0.092774,0.049438,-0.017809,0.10179,0.041089,-0.053365,-0.016925,-0.077794,-0.047812,0.072726,-0.0063507,-0.10023,-0.08099,0.082387,-0.073993,0.047485,0.041592,0.064565,-0.026243,0.009331,0.045454,-0.080399,-0.11703,0.011839,-0.023411,-0.064879,-0.086114,-0.10882,-0.029236,0.030197,0.073371,0.10953,0.027702,-0.0325,-0.051526,0.071217,-0.026171,0.11514,-0.060621,0.11559,0.094898,0.03226,0.016665,0.054082,-0.050283,-0.059827,-0.09197,-0.041433,-0.025085,-0.11114,-0.02374,-0.071192,-0.0019129,0.021397,0.10165,-0.094689,-0.048398,-0.072805,-0.013975,-0.085325,0.10607,-0.052706,0.026269,0.083084,-0.054425,0.039551,0.042752,-0.096504,-0.095933,-0.017591,-0.03408,-0.066299,-0.10875,-0.063069,0.10519,-0.045444,-0.031437,0.11117,-0.074985,0.0041194,-0.054397,0.0022695,0.027886,0.0078305,0.056231,-0.11363,0.089671,-0.054065,0.035622,-0.054354,0.045251,0.088851,0.080223,-0.097354,0.035364,-0.0042308,-0.063521,-0.076282,0.078893,0.1119,-0.031222,-0.013758,0.097985,-0.04406,-0.042318,-0.074541,-0.041468,0.031075,0.062452,-0.017826,-0.059482,-0.05497,-0.020395,0.11742,-0.059253,0.064959,0.056488,0.031709,0.029131,0.076382,0.1005,-0.0961,0.022246,-0.048217,0.067048,-0.021306,0.087636,-0.085407,0.073814,-0.037356,0.09257,-0.044293,0.11124,-0.077173,0.046648,-0.080925,-0.0082252,0.082269,-0.087396,0.082867,-0.0017885,0.053878,0.10678,0.050898,-0.09771,0.031319,0.022338,-0.0049958,0.0055618,-0.078909,-0.040756,-0.11107,0.0012118,-0.033113,-0.0069618,0.047922,0.037141,-0.072516,0.11411,-0.063404,0.049288,-0.048247,0.042575,-0.10167,-0.11577,-0.017869,0.03056,0.055245,0.043158,-0.10894,-0.02148,0.117,-0.012127,0.049306,0.11906,-0.059987,0.020357,0.11991,0.11506,-0.066352,0.04613,-0.092865,0.10739,-0.11561,-0.10179,-0.068918,0.081226,-0.11761,-0.010293,-0.083847,-0.058253,0.0052629,-0.10605,0.11097,-0.050206,0.083965,-0.0040278,0.091626,0.10902,-0.038716,0.09789,-0.096198,0.096589,0.015185,-0.068646,0.080461,-0.087359,0.10765,-0.091393,-0.084721,0.082327,-0.10433,-0.029043,0.11952,-0.065451,0.011864,-0.10126,0.075777,-0.081392,0.022686,0.0976,-0.032346,-0.013506,-0.096663,0.042274,-0.084928,0.11972,0.076625,-0.058244,0.0069428,0.059113,0.042273,-0.021294,0.0013946,-0.084954,0.033631,-0.081944,-0.030011,-0.037027,-0.045224,0.0071077,-0.00042814,0.10892,-0.0094574,-0.0062567,-0.11187
0.010598,-0.044723,-0.035763,0.0043153,-0.059945,-0.094655,0.0022312,-0.044272,-0.045374,-0.10042,-0.10425,-0.11708,0.061957,-0.11838,-0.01272,0.101,-0.041632,0.034459,-0.090966,-0.049449,-0.099628,0.056002,0.072058,0.031406,-0.053369,-0.10472,-0.10834,0.096258,-0.070095,0.038999,-0.098318,-0.090506,0.078027,0.0057487,-0.072214,-0.068601,-0.0054727,0.044949,0.078541,0.050047,0.10946,0.053794,0.058847,-0.11925,-0.030976,0.099157,0.072238,0.034733,0.05404,0.11203,-0.10111,-0.053373,0.005813,0.051012,0.044245,-0.085109,-0.091166,-0.079237,-0.072001,0.11869,0.023649,0.049355,0.071364,0.11622,0.019256,-0.10232,-0.0018497,0.011906,-0.011868,-0.050575,-0.073886,-0.05481,0.09288,0.024227,-0.089698,0.077584,0.088964,0.093702,0.0006328,-0.018927,0.040718,0.065609,0.011821,0.1002,0.079272,0.061401,0.10992,-0.046171,-0.02757,0.087178,0.041129,-0.055042,0.0024039,0.05651,0.032659,0.062411,-0.022897,-0.056436,0.069854,0.10844,-0.04139,0.054062,-0.076506,-0.068509,-0.11099,0.064272,0.11345,0.055659,0.034542,-0.077805,0.10945,0.10809,-0.092326,-0.11781,-0.074576,0.030144,0.026681,0.061,-0.10265,-0.063381,0.049097,0.019069,0.073954,0.067075,0.055277,0.0409,-0.11067,-0.0093829,0.02706,-0.022141,-0.057084,0.023692,0.0098187,-0.049305,-0.063051,0.056712,-0.1031,-0.086496,0.013856,0.047321,0.10728,-0.056118,-0.060336,-0.11471,0.11324,-0.067055,0.042789,0.061956,0.022436,0.01244,0.033445,-0.0061044,-0.042009,-0.058966,-0.10962,-0.018569,0.052817,-0.01362,0.056463,0.081486,-0.029707,0.052698,-0.018728,-0.058775,0.040756,0.012703,-0.0099811,-0.012982,0.044584,-0.085189,-0.076042,-0.030989,0.003223,0.022208,-0.058539,0.024499,0.071275,-0.069952,0.012447,-0.00346,0.09523,-0.1119,0.10098,0.056223,0.0045176,-0.082563,0.10872,0.11389,0.10342,0.019504,-0.070078,0.096907,-0.091874,0.10253,-0.10224,0.053257,-0.034128,-0.005024,0.049177,0.10162,0.090285,0.033788,-0.019583,-0.070566,0.062388,0.10992,-0.052317,0.095545,-0.10745,0.040303,-0.041124,0.036607,-0.050166,-0.07673,0.036313,0.076694,-0.11398,-0.058046,0.095408,-0.074705,-0.032503,0.067267,-0.041372,0.021654,0.013075,0.10521,0.035042,-0.099121,-0.093031,0.11158,-0.014462,0.047687,-0.106,0.10281,-0.021004,0.087385,-0.075783,-0.10092,-0.10186,0.031282,0.057097,0.059831,0.040396,-0.0085041,0.067635,0.04058,-0.033647,0.0083588,0.088302,-0.087682,-0.0026705,0.081978,-0.073858,-0.11094,-0.075661,0.025913,0.073633,0.090013,-0.033,0.045623,-0.066941,-0.072284,-0.071178,-0.066519,-0.077108,0.11711,-0.020625,-0.006402,-0.089262,0.078318,-0.056649,-0.062408,0.0090282,0.084784,-0.095218,-0.098154,-0.11848,-0.071037,-0.066869,0.10111,0.044483,-0.0075728,-0.1164,-0.061254,-0.0079376,-0.030778,-0.039352,-0.091148,0.040714,0.014067,0.057561,0.076207,-0.017081,0.087977,0.011945,0.070293,-0.11268,-0.062031,0.090492,-0.042927,0.018033,-0.033676,0.067601,-0.026641,-0.0026138,0.086214,-0.041937,0.10337,0.075251,-0.052501,-0.086411,-0.048516,-0.050955,-0.0019249,-0.064994,-0.068667,-0.11975,-0.063173,-0.033024,-0.079109,0.032395,-0.066764,-0.0046777,0.052415,-0.093769,0.0093545,0.081292,0.042669,0.016542,-0.077496,-0.040767,-0.037696,0.058828,-0.016938,0.018787,-0.02903,0.0077444,0.095629,-0.039465,-0.049295,0.058928,-0.00215,0.083177,0.081619,0.082883,0.013101,-0.1132,-0.055977,0.016885,-0.093624,0.054272,0.017466,-0.046131,0.10053,-0.012919,-0.11357,0.090945,0.090005,0.098808,0.11493,-0.081397,-0.046465,0.11485,-0.11945,0.07306,0.03488,0.0025398,0.088088,-0.042172,-0.040942,0.10253,-0.0052787,-0.023548,-0.070394,0.0043023,-0.068005,0.096617,0.10613,-0.087559,-0.035281,0.052817,-0.11483,0.024997,0.10876,-0.014757,0.11412,-0.090605,-0.009946,0.0013104,-0.11383,0.051711,-0.051183,-0.011063,0.064989,0.0034373,-0.016048,0.11122,0.01606,-0.054999,0.11916,0.063697
0.097205,-0.015369,-0.09245,-0.085577,-0.05688,0.0551,-0.05956,0.087913,-0.0092386,0.091207,0.086029,-0.031528,-0.075007,-0.11814,0.0036082,-0.077126,-0.0055758,-0.0404,0.049458,-0.088551,0.10041,0.053043,0.060337,0.091595,-0.026132,-0.024062,0.068522,-0.045557,0.09906,0.039492,0.011761,0.10753,-0.08556,0.10155,0.018165,-0.083472,-0.038147,0.070715,0.10624,-0.11539,-0.097307,0.084501,-0.065996,0.083169,0.028962,0.012028,-0.038346,-0.044236,-0.015497,-0.055724,-0.10942,0.034386,-0.10353,0.031953,-0.04306,0.071868,0.11866,0.066707,0.0023822,-0.061027,0.049925,-0.047426,-0.050297,-0.10423,-0.06958,0.11873,0.085901,-0.021159,-0.086387,-0.062074,0.014303,-0.024157,0.10554,0.1041,-0.021919,0.097073,0.094257,0.016727,0.092006,0.023404,0.087179,-0.037839,-0.028822,0.052399,-0.028882,0.065508,0.075353,0.041978,-0.027383,0.026166,0.0028619,-0.022866,0.085944,0.012709,-0.078908,-0.053615,0.054237,0.093925,-0.062028,-0.086963,-0.072333,0.077781,-0.1169,0.10053,-0.073562,-0.083533,-0.039678,0.089529,0.09348,-0.022755,0.029378,0.024061,-0.011342,-0.045304,-0.051177,-0.06169,-0.029959,-0.10869,-0.053567,-0.035573,-0.049244,-0.089611,-0.063606,0.084794,-0.07443,-0.11562,-0.10771,-0.071119,-0.10061,0.0053237,-0.10147,-0.083446,0.031541,-0.064189,-0.0034329,0.042111,0.074198,0.073385,0.070925,0.0043354,0.11542,-0.10922,-0.029499,0.096034,0.029509,0.003113,-0.048701,0.01021,0.10523,-0.049764,-0.086282,-0.04443,0.005866,0.098513,0.09492,0.023879,-0.0018679,0.023564,0.066571,-0.066155,-0.039328,0.10125,-0.060479,-0.10182,0.086639,0.017802,0.093223,0.11543,0.05292,0.071631,0.11762,0.01584,-0.096771,-0.0074077,0.083404,0.095216,0.089794,0.02245,-0.10419,-0.022795,0.11722,0.11583,-0.11529,-0.080793,-0.10378,0.07965,-0.019649,0.10053,-0.11417,0.02003,-0.010379,-0.073995,-0.083026,-0.071479,0.10764,-0.05687,0.0026177,-0.057018,0.076158,0.032361,0.052204,0.0066218,0.11371,0.019163,0.067481,-0.071509,-0.11348,-0.072579,0.040365,0.078277,0.010421,0.030107,0.0060888,0.062762,-0.088329,-0.078774,0.090439,0.098406,-0.0031078,0.029185,-0.10233,-0.047276,-0.068353,0.085831,0.002454,-0.058947,0.035257,0.049547,0.11501,-0.04721,0.069017,-0.058425,0.0080929,0.04602,-0.039804,-0.073932,0.002497,-0.032548,-0.014756,0.038101,0.11109,-0.11165,-0.057418,-0.023211,0.045706,-0.061897,-0.10757,0.055122,0.098941,-0.032688,-0.087142,0.024831,0.058903,-0.099787,0.00026631,-0.11885,-0.093734,0.11763,-0.0063907,0.012254,-0.1122,-0.10664,-0.024991,0.067193,-0.091357,0.10797,-0.0066104,-0.063938,0.1001,0.079515,-0.038619,-0.053016,-0.066547,0.062204,0.1125,-0.077423,0.083864,0.09069,0.054272,0.1088,-0.015475,0.053568,0.061618,-0.029177,0.046931,-0.098902,0.056361,-0.088322,0.089386,0.045455,0.039903,0.0016663,0.089019,0.040904,0.074256,-0.01156,0.0028576,-0.065126,-0.10253,-0.0032459,0.044474,-0.073961,0.080249,-0.085199,0.015507,-0.0046324,-0.055589,-0.011032,0.032847,0.10547,-0.10188,0.046489,0.10504,-0.0031802,-0.071454,-0.10738,0.014784,0.10675,0.0442,-0.10076,0.065862,-0.021673,-0.093543,-0.078676,-0.066326,0.0023347,0.050284,0.07346,0.070619,-0.049117,-0.090679,0.0034173,0.098345,0.1195,-0.080204,-0.10336,-0.0083601,-0.11322,0.10516,-0.016453,-0.11005,0.01828,-0.017406,0.03245,-0.057667,0.085781,0.088195,-0.1074,0.049195,0.053464,0.025157,-0.090364,-0.081572,0.015695,0.10102,0.055267,0.09968,-0.056482,-0.07812,0.012492,-0.0062636,0.070337,-0.10812,0.030256,-0.10515,0.050298,-0.048874,-0.063038,0.11069,0.0057239,-0.049278,-0.014671,-0.025707,0.11479,0.0064175,-0.091719,0.047159,0.020401,0.019954,0.078474,-0.032955,-0.0089633,0.012425,-0.062119,-0.11493,0.044973,-0.021028,-0.011005,0.014659,-0.082655,0.098941,-0.0094703,0.10026,0.10287,0.11928,-0.0096608,-0.096784,-0.10802,0.10344,0.094923,0.11074
0.11967,-0.024352,0.017886,-0.089659,0.1029,-0.08401,0.049732,-0.062903,0.043914,-0.016904,0.0058328,-0.0095844,-0.052038,-0.02811,-0.084541,-0.11995,-0.019976,-0.013255,-0.042398,0.088613,-0.037891,0.055849,-0.016987,0.074168,-0.047348,0.013716,-0.1036,0.087085,0.055282,-0.014498,0.10447,-0.067656,0.0034629,0.015701,0.10952,0.017491,0.079225,0.052366,0.09524,0.017282,0.0038775,0.0866,0.021302,0.060454,0.026876,0.017521,-0.11694,0.014423,0.0087672,0.091741,0.044277,0.005973,-0.108,-0.0016808,0.095763,-0.0013421,-0.047368,0.018036,0.0084222,0.039304,-0.002988,-0.072528,0.00068854,0.067556,0.079457,-0.096105,0.068366,0.080058,-0.0055346,0.07822,-0.097953,-0.11976,-0.11613,0.043961,0.042375,0.030482,-0.099316,-0.05987,-0.062174,-0.10813,-0.037167,0.061152,0.10385,-0.034303,0.048047,-0.059525,0.033407,-0.018416,0.048453,0.008062,0.096254,0.032033,0.043287,-0.042107,0.11154,0.10244,-0.08476,-0.021345,-0.026435,-0.099202,-0.10111,-0.050067,-0.094995,0.018036,0.094439,-0.085552,-0.0075246,-0.070667,0.031263,-0.023292,-0.073544,0.068456,0.027151,-0.00059539,-0.031824,-0.041331,0.089297,0.072126,-0.078443,-0.034175,0.042425,-0.057969,-0.051261,-0.094899,-0.04611,0.020999,0.0017898,-0.10422,-0.051025,0.10797,0.074847,0.10566,0.0076818,-0.0999,-0.071152,0.10846,-0.02308,0.011682,0.064514,-0.0077271,-0.11708,-0.037304,-0.0088345,-0.039143,0.073944,0.11006,0.11996,-0.11983,-0.0069756,0.11703,-0.067038,0.078212,0.02961,0.022705,0.043874,-0.020214,0.060215,0.11125,0.0078418,0.030286,0.11975,0.094528,0.020613,-0.0479,-0.04175,-0.0020185,-0.10129,0.0013865,-0.10658,-0.026796,-0.054544,-0.0059881,-0.031915,-0.11783,-0.079194,0.02055,-0.060704,-0.011387,-0.083817,0.033868,0.051461,-0.10826,0.048897,0.10699,-0.036464,-0.034238,0.008713,0.075371,0.012247,-0.10523,0.066953,-0.003105,0.025209,-0.076286,-0.014569,0.02682,-0.11657,-0.040897,0.060656,-0.09177,0.034477,0.010045,0.10952,-0.10691,-0.1069,0.10917,0.1025,-0.08374,0.096281,0.042219,-0.089555,0.061545,0.0068588,-0.053208,0.0082816,0.073661,-0.094233,0.016376,-0.043106,-0.029228,-0.013244,0.034498,-0.10005,-0.0058594,-0.015847,-0.10642,-0.080227,-0.017824,0.050238,0.092012,-0.028744,0.072117,0.011942,0.025314,-0.1144,0.099735,-0.048481,0.086906,0.083174,0.018934,-0.053682,0.07525,-0.10519,-0.02845,-0.021164,-0.049242,0.010163,-0.047167,0.097451,0.017922,0.032746,-0.067436,0.092032,-0.095995,0.00055952,-0.085659,0.01956,0.057018,-0.026523,-0.012646,-0.063491,-0.02081,0.054201,0.029966,0.031708,0.029304,0.069663,-0.080091,0.11225,-0.090163,0.11233,0.016737,-0.082992,0.087309,0.0561,0.01143,-0.077309,-0.11199,0.10796,0.022631,0.08522,-0.064417,-0.06889,-0.020663,0.072372,-0.10142,0.10673,-0.10147,-0.008514,0.0074304,-0.077038,-0.11595,-0.073367,-0.070035,0.0057984,0.10471,0.11557,-0.030232,0.014403,0.092459,-0.032,-0.033706,0.030847,-0.099622,-0.00042558,-0.062054,-0.11485,-0.038805,-0.088404,0.044845,-0.0064621,0.073166,0.042259,0.011738,0.029445,-0.08712,0.11932,-0.11816,0.067718,-0.11409,0.036708,0.041382,-0.043725,0.057001,-0.00080253,0.017102,-0.084994,-0.059238,0.10624,0.036476,-0.079281,-0.037267,-0.042614,-0.11283,0.0050921,-0.05802,-0.064663,0.040981,0.026584,0.070433,-0.0026066,0.030067,-0.018706,0.086035,-0.085571,0.069551,-0.094849,0.04072,-0.028255,0.10866,-0.11149,-0.10801,-0.024987,-0.00046411,-0.071951,0.10975,0.10185,-0.061842,-0.011876,0.055749,-0.048071,-0.0104,0.04789,-0.1071,0.097822,-0.071413,-0.057365,-0.029315,0.018287,0.033176,-0.062632,-0.0065582,0.050117,-0.031638,0.0088985,-0.043042,0.032345,0.039685,0.11954,0.05418,0.058186,-0.07393,-0.051157,0.099043,-0.030011,-0.072243,-0.094353,-0.10314,-0.04455,0.083283,-0.11981,-0.056698,0.021406,-0.025232,-0.0044261,-0.094634,0.066492,0.058398,0.10404,0.063715,0.018034
-0.0073831,0.062244,0.084619,-0.091407,-0.012781,0.022554,0.090882,-0.1084,-0.023872,0.0027651,-0.042913,-0.11267,-0.11232,0.073147,-0.036669,0.011488,0.015354,0.069565,-0.03295,-0.083727,-0.09892,0.096802,0.047313,0.054879,-0.00038244,0.11682,-0.019311,-0.096569,-0.083337,-0.043392,-0.058166,-0.11287,-0.063734,0.065496,-0.086696,0.039029,-0.005363,0.030863,0.0061743,0.02216,-0.035166,-0.080096,0.11259,0.094894,-0.06994,0.051569,0.038265,-0.092848,-0.11954,-0.02771,0.076354,-0.086703,0.082566,0.013536,-0.10486,-0.077663,0.013603,-0.024763,-0.069473,0.010573,0.066257,0.097166,-0.012956,-0.044316,-0.10179,0.11358,-0.093536,0.054977,-0.047644,0.10329,-0.11975,0.058397,0.0066537,-0.045636,0.066414,0.070128,-0.05476,0.11456,0.064764,0.11242,-0.076547,0.0047808,0.0060256,-0.038582,0.11814,0.0222,-0.026121,0.010321,0.10368,0.016294,0.016645,-0.068035,-0.030858,-0.059661,0.079032,-0.028664,-0.071468,0.064792,0.092702,-0.075821,-0.11064,-0.091723,-0.11418,0.092172,0.06461,0.053111,0.042733,-0.040767,-0.010285,0.096135,0.050611,-0.028485,-0.034586,-0.094991,0.00091881,-0.091405,-0.076228,0.0034271,0.097701,0.097054,-0.034635,0.079908,0.05443,-0.017846,-0.06703,-0.026127,-0.090769,-0.00093109,-0.031472,-0.097131,-0.036382,0.06364,0.026666,-0.061474,-0.11727,0.029243,-0.0068418,-0.084748,-0.082721,0.019485,0.018447,0.010514,-0.043503,-0.050137,-0.1019,-0.11365,-0.070402,-0.11241,0.0098304,-0.056814,-0.11877,-0.076233,-0.073149,-0.033615,0.067837,-0.06863,0.065321,0.073775,-0.04408,-0.062118,-0.079407,-0.071136,0.042983,-0.08099,0.072147,-0.050704,-0.10665,-0.035817,0.093989,0.064237,-0.095581,-0.020248,-0.030556,0.019833,-0.051302,-0.065109,0.074005,-0.012973,0.06097,-0.098279,-0.019624,-0.077996,0.083064,0.099785,0.045207,-0.017718,-0.068514,0.0011601,-0.063181,0.066745,-0.093615,-0.015667,0.043685,-0.11204,0.042639,-0.11693,0.054865,0.064786,-0.090794,-0.089857,0.051157,0.078091,0.11347,0.028055,-0.016282,-0.03008,-0.044285,-0.044156,-0.089966,-0.083875,-0.023099,-0.056153,0.0387,-0.028382,-0.09255,0.1077,-0.0529,0.0041323,-0.029247,-0.022119,-0.059853,-0.027889,-0.00094675,-0.088392,0.047893,0.090497,0.05846,0.11524,0.088403,-0.040396,0.075221,0.0053584,-0.068752,0.020779,0.0088932,0.061911,0.071518,-0.077176,0.090304,-0.069915,-0.01721,-0.018734,0.056546,0.012252,0.021069,0.066492,0.045101,0.080377,0.031996,-0.083761,0.029905,0.013136,-0.016075,0.039774,0.010102,0.045159,0.010644,-0.087184,-0.0095908,0.0084628,0.085461,-0.017188,-0.11342,0.081672,0.025202,-0.10591,0.062365,0.077355,0.080861,-0.023744,-0.095965,0.012111,0.084026,0.083952,-0.11818,-0.023012,-0.012054,0.033609,0.00099409,0.0011493,-0.028179,-0.012143,-0.073587,0.080481,-0.0063922,0.0021297,0.0043838,0.023058,-0.040503,0.060887,0.10403,0.11331,0.063509,0.10285,-0.022659,0.041982,0.092415,0.071311,-0.045997,0.009278,-0.1127,0.10371,0.079187,-0.031995,0.0070389,0.079356,0.10575,-0.11706,0.094405,0.017246,-0.061749,0.076049,-0.058099,0.07984,-0.097422,0.096037,0.0036358,-0.024323,0.11295,-0.030052,-0.11947,0.019105,-0.031292,-0.080363,-0.10117,-0.098349,-0.11024,-0.09059,0.086779,-0.096114,0.11486,0.09389,-0.011507,-0.0078654,-0.10411,-0.033784,-0.042102,0.05152,-0.017858,0.0386,0.050763,0.07142,0.018075,0.052807,-0.11928,0.016109,0.017793,0.0080366,-0.052548,-0.10458,-0.10454,0.0095432,-0.10486,-0.021972,0.089951,0.10396,0.073617,0.0029804,0.070656,0.07817,-0.10869,-0.0041692,-0.074645,-0.017515,0.053337,-0.021931,0.11005,-0.070503,-0.049636,0.10852,0.057291,-0.10754,0.0085719,0.0029659,0.11862,0.052265,-0.086736,0.11878,-0.048922,-0.0092025,0.044613,-0.093484,-0.11776,0.050107,-0.10125,-0.08404,0.10477,0.019594,-0.10622,-0.094849,-0.11514,0.0026629,-0.11161,0.0029806,-0.042334,0.028007,0.056704,0.043585,0.0043144,-0.023566,-0.079341
